<application>
  <component name="libraryTable">
    <library name="groovy-2.1.9">
      <CLASSES>
        <root url="jar://$USER_HOME$/.sdkman/candidates/groovy/2.1.9/lib/gpars-1.0.0.jar!/" />
        <root url="jar://$USER_HOME$/.sdkman/candidates/groovy/2.1.9/lib/jsp-api-2.0.jar!/" />
        <root url="jar://$USER_HOME$/.sdkman/candidates/groovy/2.1.9/lib/asm-util-4.0.jar!/" />
        <root url="jar://$USER_HOME$/.sdkman/candidates/groovy/2.1.9/lib/asm-4.0.jar!/" />
        <root url="jar://$USER_HOME$/.sdkman/candidates/groovy/2.1.9/lib/asm-commons-4.0.jar!/" />
        <root url="jar://$USER_HOME$/.sdkman/candidates/groovy/2.1.9/lib/groovy-sql-2.1.9.jar!/" />
        <root url="jar://$USER_HOME$/.sdkman/candidates/groovy/2.1.9/lib/groovy-bsf-2.1.9.jar!/" />
        <root url="jar://$USER_HOME$/.sdkman/candidates/groovy/2.1.9/lib/ant-launcher-1.8.4.jar!/" />
        <root url="jar://$USER_HOME$/.sdkman/candidates/groovy/2.1.9/lib/groovy-2.1.9.jar!/" />
        <root url="jar://$USER_HOME$/.sdkman/candidates/groovy/2.1.9/lib/jline-1.0.jar!/" />
        <root url="jar://$USER_HOME$/.sdkman/candidates/groovy/2.1.9/lib/groovy-jmx-2.1.9.jar!/" />
        <root url="jar://$USER_HOME$/.sdkman/candidates/groovy/2.1.9/lib/groovy-ant-2.1.9.jar!/" />
        <root url="jar://$USER_HOME$/.sdkman/candidates/groovy/2.1.9/lib/ant-1.8.4.jar!/" />
        <root url="jar://$USER_HOME$/.sdkman/candidates/groovy/2.1.9/lib/junit-4.11.jar!/" />
        <root url="jar://$USER_HOME$/.sdkman/candidates/groovy/2.1.9/lib/groovy-servlet-2.1.9.jar!/" />
        <root url="jar://$USER_HOME$/.sdkman/candidates/groovy/2.1.9/lib/ant-junit-1.8.4.jar!/" />
        <root url="jar://$USER_HOME$/.sdkman/candidates/groovy/2.1.9/lib/jsr166y-1.7.0.jar!/" />
        <root url="jar://$USER_HOME$/.sdkman/candidates/groovy/2.1.9/lib/commons-cli-1.2.jar!/" />
        <root url="jar://$USER_HOME$/.sdkman/candidates/groovy/2.1.9/lib/groovy-test-2.1.9.jar!/" />
        <root url="jar://$USER_HOME$/.sdkman/candidates/groovy/2.1.9/lib/jansi-1.6.jar!/" />
        <root url="jar://$USER_HOME$/.sdkman/candidates/groovy/2.1.9/lib/ivy-2.2.0.jar!/" />
        <root url="jar://$USER_HOME$/.sdkman/candidates/groovy/2.1.9/lib/qdox-1.12.1.jar!/" />
        <root url="jar://$USER_HOME$/.sdkman/candidates/groovy/2.1.9/lib/groovy-groovysh-2.1.9.jar!/" />
        <root url="jar://$USER_HOME$/.sdkman/candidates/groovy/2.1.9/lib/bsf-2.4.0.jar!/" />
        <root url="jar://$USER_HOME$/.sdkman/candidates/groovy/2.1.9/lib/groovy-json-2.1.9.jar!/" />
        <root url="jar://$USER_HOME$/.sdkman/candidates/groovy/2.1.9/lib/servlet-api-2.4.jar!/" />
        <root url="jar://$USER_HOME$/.sdkman/candidates/groovy/2.1.9/lib/ant-antlr-1.8.4.jar!/" />
        <root url="jar://$USER_HOME$/.sdkman/candidates/groovy/2.1.9/lib/jcommander-1.27.jar!/" />
        <root url="jar://$USER_HOME$/.sdkman/candidates/groovy/2.1.9/lib/hamcrest-core-1.3.jar!/" />
        <root url="jar://$USER_HOME$/.sdkman/candidates/groovy/2.1.9/lib/groovy-groovydoc-2.1.9.jar!/" />
        <root url="jar://$USER_HOME$/.sdkman/candidates/groovy/2.1.9/lib/xmlpull-1.1.3.1.jar!/" />
        <root url="jar://$USER_HOME$/.sdkman/candidates/groovy/2.1.9/lib/groovy-console-2.1.9.jar!/" />
        <root url="jar://$USER_HOME$/.sdkman/candidates/groovy/2.1.9/lib/groovy-swing-2.1.9.jar!/" />
        <root url="jar://$USER_HOME$/.sdkman/candidates/groovy/2.1.9/lib/antlr-2.7.7.jar!/" />
        <root url="jar://$USER_HOME$/.sdkman/candidates/groovy/2.1.9/lib/asm-tree-4.0.jar!/" />
        <root url="jar://$USER_HOME$/.sdkman/candidates/groovy/2.1.9/lib/groovy-xml-2.1.9.jar!/" />
        <root url="jar://$USER_HOME$/.sdkman/candidates/groovy/2.1.9/lib/xstream-1.4.2.jar!/" />
        <root url="jar://$USER_HOME$/.sdkman/candidates/groovy/2.1.9/lib/groovy-docgenerator-2.1.9.jar!/" />
        <root url="jar://$USER_HOME$/.sdkman/candidates/groovy/2.1.9/lib/groovy-jsr223-2.1.9.jar!/" />
        <root url="jar://$USER_HOME$/.sdkman/candidates/groovy/2.1.9/lib/groovy-testng-2.1.9.jar!/" />
        <root url="jar://$USER_HOME$/.sdkman/candidates/groovy/2.1.9/lib/testng-6.8.jar!/" />
        <root url="jar://$USER_HOME$/.sdkman/candidates/groovy/2.1.9/lib/asm-analysis-4.0.jar!/" />
        <root url="jar://$USER_HOME$/.sdkman/candidates/groovy/2.1.9/lib/groovy-templates-2.1.9.jar!/" />
        <root url="jar://$USER_HOME$/.sdkman/candidates/groovy/2.1.9/lib/commons-logging-1.1.1.jar!/" />
      </CLASSES>
      <JAVADOC />
      <SOURCES />
    </library>
    <library name="groovy-3.0.4">
      <CLASSES>
        <root url="jar://$USER_HOME$/.sdkman/candidates/groovy/3.0.4/lib/groovy-groovysh-3.0.4.jar!/" />
        <root url="jar://$USER_HOME$/.sdkman/candidates/groovy/3.0.4/lib/opentest4j-1.2.0.jar!/" />
        <root url="jar://$USER_HOME$/.sdkman/candidates/groovy/3.0.4/lib/jsp-api-2.0.jar!/" />
        <root url="jar://$USER_HOME$/.sdkman/candidates/groovy/3.0.4/lib/junit-4.13.jar!/" />
        <root url="jar://$USER_HOME$/.sdkman/candidates/groovy/3.0.4/lib/groovy-yaml-3.0.4.jar!/" />
        <root url="jar://$USER_HOME$/.sdkman/candidates/groovy/3.0.4/lib/groovy-console-3.0.4.jar!/" />
        <root url="jar://$USER_HOME$/.sdkman/candidates/groovy/3.0.4/lib/junit-platform-engine-1.6.2.jar!/" />
        <root url="jar://$USER_HOME$/.sdkman/candidates/groovy/3.0.4/lib/groovy-sql-3.0.4.jar!/" />
        <root url="jar://$USER_HOME$/.sdkman/candidates/groovy/3.0.4/lib/groovy-test-junit5-3.0.4.jar!/" />
        <root url="jar://$USER_HOME$/.sdkman/candidates/groovy/3.0.4/lib/groovy-swing-3.0.4.jar!/" />
        <root url="jar://$USER_HOME$/.sdkman/candidates/groovy/3.0.4/lib/groovy-astbuilder-3.0.4.jar!/" />
        <root url="jar://$USER_HOME$/.sdkman/candidates/groovy/3.0.4/lib/jackson-dataformat-yaml-2.11.0.jar!/" />
        <root url="jar://$USER_HOME$/.sdkman/candidates/groovy/3.0.4/lib/groovy-jmx-3.0.4.jar!/" />
        <root url="jar://$USER_HOME$/.sdkman/candidates/groovy/3.0.4/lib/groovy-groovydoc-3.0.4.jar!/" />
        <root url="jar://$USER_HOME$/.sdkman/candidates/groovy/3.0.4/lib/jsr166y-1.7.0.jar!/" />
        <root url="jar://$USER_HOME$/.sdkman/candidates/groovy/3.0.4/lib/org.abego.treelayout.core-1.0.1.jar!/" />
        <root url="jar://$USER_HOME$/.sdkman/candidates/groovy/3.0.4/lib/ant-junit-1.10.8.jar!/" />
        <root url="jar://$USER_HOME$/.sdkman/candidates/groovy/3.0.4/lib/jansi-1.18.jar!/" />
        <root url="jar://$USER_HOME$/.sdkman/candidates/groovy/3.0.4/lib/jackson-annotations-2.11.0.jar!/" />
        <root url="jar://$USER_HOME$/.sdkman/candidates/groovy/3.0.4/lib/ST4-4.1.jar!/" />
        <root url="jar://$USER_HOME$/.sdkman/candidates/groovy/3.0.4/lib/groovy-templates-3.0.4.jar!/" />
        <root url="jar://$USER_HOME$/.sdkman/candidates/groovy/3.0.4/lib/groovy-test-3.0.4.jar!/" />
        <root url="jar://$USER_HOME$/.sdkman/candidates/groovy/3.0.4/lib/qdox-1.12.1.jar!/" />
        <root url="jar://$USER_HOME$/.sdkman/candidates/groovy/3.0.4/lib/javaparser-core-3.15.22.jar!/" />
        <root url="jar://$USER_HOME$/.sdkman/candidates/groovy/3.0.4/lib/groovy-bsf-3.0.4.jar!/" />
        <root url="jar://$USER_HOME$/.sdkman/candidates/groovy/3.0.4/lib/ant-antlr-1.10.8.jar!/" />
        <root url="jar://$USER_HOME$/.sdkman/candidates/groovy/3.0.4/lib/jline-2.14.6.jar!/" />
        <root url="jar://$USER_HOME$/.sdkman/candidates/groovy/3.0.4/lib/bsf-2.4.0.jar!/" />
        <root url="jar://$USER_HOME$/.sdkman/candidates/groovy/3.0.4/lib/groovy-xml-3.0.4.jar!/" />
        <root url="jar://$USER_HOME$/.sdkman/candidates/groovy/3.0.4/lib/groovy-jsr223-3.0.4.jar!/" />
        <root url="jar://$USER_HOME$/.sdkman/candidates/groovy/3.0.4/lib/groovy-servlet-3.0.4.jar!/" />
        <root url="jar://$USER_HOME$/.sdkman/candidates/groovy/3.0.4/lib/hamcrest-core-1.3.jar!/" />
        <root url="jar://$USER_HOME$/.sdkman/candidates/groovy/3.0.4/lib/groovy-json-3.0.4.jar!/" />
        <root url="jar://$USER_HOME$/.sdkman/candidates/groovy/3.0.4/lib/ant-launcher-1.10.8.jar!/" />
        <root url="jar://$USER_HOME$/.sdkman/candidates/groovy/3.0.4/lib/ant-1.10.8.jar!/" />
        <root url="jar://$USER_HOME$/.sdkman/candidates/groovy/3.0.4/lib/junit-platform-launcher-1.6.2.jar!/" />
        <root url="jar://$USER_HOME$/.sdkman/candidates/groovy/3.0.4/lib/groovy-jaxb-3.0.4.jar!/" />
        <root url="jar://$USER_HOME$/.sdkman/candidates/groovy/3.0.4/lib/groovy-3.0.4.jar!/" />
        <root url="jar://$USER_HOME$/.sdkman/candidates/groovy/3.0.4/lib/gpars-1.2.1.jar!/" />
        <root url="jar://$USER_HOME$/.sdkman/candidates/groovy/3.0.4/lib/groovy-macro-3.0.4.jar!/" />
        <root url="jar://$USER_HOME$/.sdkman/candidates/groovy/3.0.4/lib/xstream-1.4.12.jar!/" />
        <root url="jar://$USER_HOME$/.sdkman/candidates/groovy/3.0.4/lib/groovy-docgenerator-3.0.4.jar!/" />
        <root url="jar://$USER_HOME$/.sdkman/candidates/groovy/3.0.4/lib/commons-cli-1.4.jar!/" />
        <root url="jar://$USER_HOME$/.sdkman/candidates/groovy/3.0.4/lib/ivy-2.5.0.jar!/" />
        <root url="jar://$USER_HOME$/.sdkman/candidates/groovy/3.0.4/lib/snakeyaml-1.26.jar!/" />
        <root url="jar://$USER_HOME$/.sdkman/candidates/groovy/3.0.4/lib/jackson-databind-2.11.0.jar!/" />
        <root url="jar://$USER_HOME$/.sdkman/candidates/groovy/3.0.4/lib/javax.servlet-api-3.0.1.jar!/" />
        <root url="jar://$USER_HOME$/.sdkman/candidates/groovy/3.0.4/lib/groovy-dateutil-3.0.4.jar!/" />
        <root url="jar://$USER_HOME$/.sdkman/candidates/groovy/3.0.4/lib/multiverse-core-0.7.0.jar!/" />
        <root url="jar://$USER_HOME$/.sdkman/candidates/groovy/3.0.4/lib/jackson-core-2.11.0.jar!/" />
        <root url="jar://$USER_HOME$/.sdkman/candidates/groovy/3.0.4/lib/junit-platform-commons-1.6.2.jar!/" />
        <root url="jar://$USER_HOME$/.sdkman/candidates/groovy/3.0.4/lib/junit-jupiter-api-5.6.2.jar!/" />
        <root url="jar://$USER_HOME$/.sdkman/candidates/groovy/3.0.4/lib/testng-7.2.0.jar!/" />
        <root url="jar://$USER_HOME$/.sdkman/candidates/groovy/3.0.4/lib/commons-logging-1.2.jar!/" />
        <root url="jar://$USER_HOME$/.sdkman/candidates/groovy/3.0.4/lib/groovy-testng-3.0.4.jar!/" />
        <root url="jar://$USER_HOME$/.sdkman/candidates/groovy/3.0.4/lib/groovy-cli-commons-3.0.4.jar!/" />
        <root url="jar://$USER_HOME$/.sdkman/candidates/groovy/3.0.4/lib/groovy-nio-3.0.4.jar!/" />
        <root url="jar://$USER_HOME$/.sdkman/candidates/groovy/3.0.4/lib/junit-jupiter-engine-5.6.2.jar!/" />
        <root url="jar://$USER_HOME$/.sdkman/candidates/groovy/3.0.4/lib/jcommander-1.72.jar!/" />
        <root url="jar://$USER_HOME$/.sdkman/candidates/groovy/3.0.4/lib/groovy-datetime-3.0.4.jar!/" />
        <root url="jar://$USER_HOME$/.sdkman/candidates/groovy/3.0.4/lib/groovy-ant-3.0.4.jar!/" />
        <root url="jar://$USER_HOME$/.sdkman/candidates/groovy/3.0.4/lib/groovy-cli-picocli-3.0.4.jar!/" />
      </CLASSES>
      <JAVADOC />
      <SOURCES />
    </library>
  </component>
</application>