<application>
  <component name="libraryTable">
    <library name="groovy-2.1.9">
      <CLASSES>
        <root url="jar://$USER_HOME$/.sdkman/candidates/groovy/current/lib/gpars-1.0.0.jar!/" />
        <root url="jar://$USER_HOME$/.sdkman/candidates/groovy/current/lib/jsp-api-2.0.jar!/" />
        <root url="jar://$USER_HOME$/.sdkman/candidates/groovy/current/lib/asm-util-4.0.jar!/" />
        <root url="jar://$USER_HOME$/.sdkman/candidates/groovy/current/lib/asm-4.0.jar!/" />
        <root url="jar://$USER_HOME$/.sdkman/candidates/groovy/current/lib/asm-commons-4.0.jar!/" />
        <root url="jar://$USER_HOME$/.sdkman/candidates/groovy/current/lib/groovy-sql-2.1.9.jar!/" />
        <root url="jar://$USER_HOME$/.sdkman/candidates/groovy/current/lib/groovy-bsf-2.1.9.jar!/" />
        <root url="jar://$USER_HOME$/.sdkman/candidates/groovy/current/lib/ant-launcher-1.8.4.jar!/" />
        <root url="jar://$USER_HOME$/.sdkman/candidates/groovy/current/lib/groovy-2.1.9.jar!/" />
        <root url="jar://$USER_HOME$/.sdkman/candidates/groovy/current/lib/jline-1.0.jar!/" />
        <root url="jar://$USER_HOME$/.sdkman/candidates/groovy/current/lib/groovy-jmx-2.1.9.jar!/" />
        <root url="jar://$USER_HOME$/.sdkman/candidates/groovy/current/lib/groovy-ant-2.1.9.jar!/" />
        <root url="jar://$USER_HOME$/.sdkman/candidates/groovy/current/lib/ant-1.8.4.jar!/" />
        <root url="jar://$USER_HOME$/.sdkman/candidates/groovy/current/lib/junit-4.11.jar!/" />
        <root url="jar://$USER_HOME$/.sdkman/candidates/groovy/current/lib/groovy-servlet-2.1.9.jar!/" />
        <root url="jar://$USER_HOME$/.sdkman/candidates/groovy/current/lib/ant-junit-1.8.4.jar!/" />
        <root url="jar://$USER_HOME$/.sdkman/candidates/groovy/current/lib/jsr166y-1.7.0.jar!/" />
        <root url="jar://$USER_HOME$/.sdkman/candidates/groovy/current/lib/commons-cli-1.2.jar!/" />
        <root url="jar://$USER_HOME$/.sdkman/candidates/groovy/current/lib/groovy-test-2.1.9.jar!/" />
        <root url="jar://$USER_HOME$/.sdkman/candidates/groovy/current/lib/jansi-1.6.jar!/" />
        <root url="jar://$USER_HOME$/.sdkman/candidates/groovy/current/lib/ivy-2.2.0.jar!/" />
        <root url="jar://$USER_HOME$/.sdkman/candidates/groovy/current/lib/qdox-1.12.1.jar!/" />
        <root url="jar://$USER_HOME$/.sdkman/candidates/groovy/current/lib/groovy-groovysh-2.1.9.jar!/" />
        <root url="jar://$USER_HOME$/.sdkman/candidates/groovy/current/lib/bsf-2.4.0.jar!/" />
        <root url="jar://$USER_HOME$/.sdkman/candidates/groovy/current/lib/groovy-json-2.1.9.jar!/" />
        <root url="jar://$USER_HOME$/.sdkman/candidates/groovy/current/lib/servlet-api-2.4.jar!/" />
        <root url="jar://$USER_HOME$/.sdkman/candidates/groovy/current/lib/ant-antlr-1.8.4.jar!/" />
        <root url="jar://$USER_HOME$/.sdkman/candidates/groovy/current/lib/jcommander-1.27.jar!/" />
        <root url="jar://$USER_HOME$/.sdkman/candidates/groovy/current/lib/hamcrest-core-1.3.jar!/" />
        <root url="jar://$USER_HOME$/.sdkman/candidates/groovy/current/lib/groovy-groovydoc-2.1.9.jar!/" />
        <root url="jar://$USER_HOME$/.sdkman/candidates/groovy/current/lib/xmlpull-1.1.3.1.jar!/" />
        <root url="jar://$USER_HOME$/.sdkman/candidates/groovy/current/lib/groovy-console-2.1.9.jar!/" />
        <root url="jar://$USER_HOME$/.sdkman/candidates/groovy/current/lib/groovy-swing-2.1.9.jar!/" />
        <root url="jar://$USER_HOME$/.sdkman/candidates/groovy/current/lib/antlr-2.7.7.jar!/" />
        <root url="jar://$USER_HOME$/.sdkman/candidates/groovy/current/lib/asm-tree-4.0.jar!/" />
        <root url="jar://$USER_HOME$/.sdkman/candidates/groovy/current/lib/groovy-xml-2.1.9.jar!/" />
        <root url="jar://$USER_HOME$/.sdkman/candidates/groovy/current/lib/xstream-1.4.2.jar!/" />
        <root url="jar://$USER_HOME$/.sdkman/candidates/groovy/current/lib/groovy-docgenerator-2.1.9.jar!/" />
        <root url="jar://$USER_HOME$/.sdkman/candidates/groovy/current/lib/groovy-jsr223-2.1.9.jar!/" />
        <root url="jar://$USER_HOME$/.sdkman/candidates/groovy/current/lib/groovy-testng-2.1.9.jar!/" />
        <root url="jar://$USER_HOME$/.sdkman/candidates/groovy/current/lib/testng-6.8.jar!/" />
        <root url="jar://$USER_HOME$/.sdkman/candidates/groovy/current/lib/asm-analysis-4.0.jar!/" />
        <root url="jar://$USER_HOME$/.sdkman/candidates/groovy/current/lib/groovy-templates-2.1.9.jar!/" />
        <root url="jar://$USER_HOME$/.sdkman/candidates/groovy/current/lib/commons-logging-1.1.1.jar!/" />
      </CLASSES>
      <JAVADOC />
      <SOURCES />
    </library>
  </component>
</application>