<application>
  <component name="dataSourceStorage" format="xml" multifile-model="true">
    <data-source source="LOCAL" name="@localhost" uuid="381ce5d8-addc-45cd-afc7-7267422e99c8">
      <driver-ref>mongo</driver-ref>
      <synchronize>true</synchronize>
      <jdbc-driver>com.dbschema.MongoJdbcDriver</jdbc-driver>
      <jdbc-url>mongodb://localhost:27017</jdbc-url>
      <working-dir>$ProjectFileDir$</working-dir>
    </data-source>
    <data-source source="LOCAL" name="alpha" uuid="14719a7c-53aa-4b1e-802a-89933e5bd6cb">
      <driver-ref>mongo</driver-ref>
      <synchronize>true</synchronize>
      <jdbc-driver>com.dbschema.MongoJdbcDriver</jdbc-driver>
      <jdbc-url>mongodb://document-db-alpha.cluster-cp7f7zwypkjc.us-west-2.docdb.amazonaws.com:27017/?replicaSet=rs0&amp;readPreference=secondaryPreferred&amp;retryWrites=false</jdbc-url>
      <jdbc-additional-properties>
        <property name="com.intellij.clouds.kubernetes.db.host.port" />
        <property name="com.intellij.clouds.kubernetes.db.enabled" value="false" />
        <property name="com.intellij.clouds.kubernetes.db.container.port" />
      </jdbc-additional-properties>
      <working-dir>$ProjectFileDir$</working-dir>
    </data-source>
    <data-source source="LOCAL" name="beta" uuid="3cb1a8d3-cc7d-4e66-ba6f-d5a31f1b46f7">
      <driver-ref>mongo</driver-ref>
      <synchronize>true</synchronize>
      <jdbc-driver>com.dbschema.MongoJdbcDriver</jdbc-driver>
      <jdbc-url>mongodb://document-db-beta.cp7f7zwypkjc.us-west-2.docdb.amazonaws.com:27017/?retryWrites=false</jdbc-url>
      <jdbc-additional-properties>
        <property name="com.intellij.clouds.kubernetes.db.host.port" />
        <property name="com.intellij.clouds.kubernetes.db.enabled" value="false" />
        <property name="com.intellij.clouds.kubernetes.db.container.port" />
      </jdbc-additional-properties>
      <working-dir>$ProjectFileDir$</working-dir>
    </data-source>
    <data-source source="LOCAL" name="prod" uuid="c8330283-a120-4ca1-ac18-03b0531d91cc">
      <driver-ref>mongo</driver-ref>
      <synchronize>true</synchronize>
      <jdbc-driver>com.dbschema.MongoJdbcDriver</jdbc-driver>
      <jdbc-url>mongodb://prod-documentdb-cluster.cluster-cmowwoohihff.us-west-2.docdb.amazonaws.com:27017/?replicaSet=rs0&amp;readPreference=primaryPreferred&amp;retryWrites=false</jdbc-url>
      <jdbc-additional-properties>
        <property name="com.intellij.clouds.kubernetes.db.host.port" />
        <property name="com.intellij.clouds.kubernetes.db.enabled" value="false" />
        <property name="com.intellij.clouds.kubernetes.db.resource.type" value="Deployment" />
        <property name="com.intellij.clouds.kubernetes.db.container.port" />
      </jdbc-additional-properties>
      <working-dir>$ProjectFileDir$</working-dir>
    </data-source>
  </component>
</application>