<application>
  <component name="FileTypeManager" version="18">
    <extensionMap>
      <mapping pattern="file1" type="AUTO_DETECTED" />
      <mapping pattern="file3" type="AUTO_DETECTED" />
      <mapping pattern="file2" type="AUTO_DETECTED" />
      <mapping ext="space.kts" type="Kotlin" />
      <mapping ext="gradle.kts" type="Kotlin" />
      <mapping ext="main.kts" type="Kotlin" />
      <removed_mapping ext="bat" approved="true" type="PLAIN_TEXT" />
      <removed_mapping ext="cmd" approved="true" type="PLAIN_TEXT" />
    </extensionMap>
  </component>
</application>