<application>
  <component name="FindSettings">
    <option name="customScope" value="Project Files" />
    <option name="defaultScopeName" value="Project Files" />
    <option name="SEARCH_SCOPE" value="Project Files" />
    <option name="FILE_MASK" value="*.scala" />
    <mask>*.css</mask>
    <mask>*.html</mask>
    <mask>*.jsp</mask>
    <mask>*.properties</mask>
    <mask>*.java</mask>
    <mask>*.json</mask>
    <mask>bootstrap.yml</mask>
    <mask>*.conf</mask>
    <mask>*Test.scala</mask>
    <mask>Jenkinsfile</mask>
    <mask>*.xml</mask>
    <mask>*.yml</mask>
    <mask>*.scala</mask>
  </component>
</application>