<application>
  <component name="FindSettings">
    <option name="customScope" value="Project Files" />
    <option name="defaultScopeName" value="Project Files" />
    <option name="localRegularExpressions" value="true" />
    <option name="showResultsInSeparateView" value="true" />
    <option name="skipResultsWithOneUsage" value="true" />
    <option name="SKIP_RESULTS_WHEN_ONE_USAGE" value="true" />
    <option name="LOCAL_REGULAR_EXPRESSIONS" value="true" />
    <option name="SHOW_RESULTS_IN_SEPARATE_VIEW" value="true" />
    <option name="SEARCH_SCOPE" value="Project Files" />
    <option name="FILE_MASK" value="*.scala" />
    <mask>*.css</mask>
    <mask>*.html</mask>
    <mask>*.xml</mask>
    <mask>*.jsp</mask>
    <mask>*.properties</mask>
    <mask>*.java</mask>
    <mask>*.js</mask>
    <mask>*.scala</mask>
  </component>
</application>