<application>
  <component name="ProjectJdkTable">
    <jdk version="2">
      <name value="Kotlin SDK" />
      <type value="KotlinSDK" />
      <version value="1.3.41" />
      <homePath value="$KOTLIN_BUNDLED$" />
      <roots>
        <annotationsPath>
          <root type="composite" />
        </annotationsPath>
        <classPath>
          <root type="composite" />
        </classPath>
        <javadocPath>
          <root type="composite" />
        </javadocPath>
        <sourcePath>
          <root type="composite" />
        </sourcePath>
      </roots>
      <additional />
    </jdk>
    <jdk version="2">
      <name value="1.7" />
      <type value="JavaSDK" />
      <version value="java version &quot;1.7&quot;" />
      <homePath value="$USER_HOME$/.sdkman/candidates/java/7.0.222-zulu" />
      <roots>
        <annotationsPath>
          <root type="composite">
            <root url="jar://$APPLICATION_HOME_DIR$/plugins/java/lib/jdkAnnotations.jar!/" type="simple" />
          </root>
        </annotationsPath>
        <classPath>
          <root type="composite">
            <root url="jar://$USER_HOME$/.sdkman/candidates/java/7.0.222-zulu/jre/lib/charsets.jar!/" type="simple" />
            <root url="jar://$USER_HOME$/.sdkman/candidates/java/7.0.222-zulu/jre/lib/ext/dnsns.jar!/" type="simple" />
            <root url="jar://$USER_HOME$/.sdkman/candidates/java/7.0.222-zulu/jre/lib/ext/localedata.jar!/" type="simple" />
            <root url="jar://$USER_HOME$/.sdkman/candidates/java/7.0.222-zulu/jre/lib/ext/sunec.jar!/" type="simple" />
            <root url="jar://$USER_HOME$/.sdkman/candidates/java/7.0.222-zulu/jre/lib/ext/sunjce_provider.jar!/" type="simple" />
            <root url="jar://$USER_HOME$/.sdkman/candidates/java/7.0.222-zulu/jre/lib/ext/sunpkcs11.jar!/" type="simple" />
            <root url="jar://$USER_HOME$/.sdkman/candidates/java/7.0.222-zulu/jre/lib/ext/zipfs.jar!/" type="simple" />
            <root url="jar://$USER_HOME$/.sdkman/candidates/java/7.0.222-zulu/jre/lib/jce.jar!/" type="simple" />
            <root url="jar://$USER_HOME$/.sdkman/candidates/java/7.0.222-zulu/jre/lib/jsse.jar!/" type="simple" />
            <root url="jar://$USER_HOME$/.sdkman/candidates/java/7.0.222-zulu/jre/lib/management-agent.jar!/" type="simple" />
            <root url="jar://$USER_HOME$/.sdkman/candidates/java/7.0.222-zulu/jre/lib/resources.jar!/" type="simple" />
            <root url="jar://$USER_HOME$/.sdkman/candidates/java/7.0.222-zulu/jre/lib/rt.jar!/" type="simple" />
          </root>
        </classPath>
        <javadocPath>
          <root type="composite" />
        </javadocPath>
        <sourcePath>
          <root type="composite">
            <root url="jar://$USER_HOME$/.sdkman/candidates/java/7.0.222-zulu/src.zip!/" type="simple" />
          </root>
        </sourcePath>
      </roots>
      <additional />
    </jdk>
    <jdk version="2">
      <name value="Android API 29 Platform" />
      <type value="Android SDK" />
      <version value="java version &quot;1.8.0_212&quot;" />
      <homePath value="$USER_HOME$/Android/Sdk" />
      <roots>
        <annotationsPath>
          <root type="composite">
            <root url="jar://$APPLICATION_HOME_DIR$/plugins/android/lib/androidAnnotations.jar!/" type="simple" />
          </root>
        </annotationsPath>
        <classPath>
          <root type="composite">
            <root url="jar://$USER_HOME$/Android/Sdk/platforms/android-29/android.jar!/" type="simple" />
            <root url="file://$USER_HOME$/Android/Sdk/platforms/android-29/data/res" type="simple" />
          </root>
        </classPath>
        <javadocPath>
          <root type="composite" />
        </javadocPath>
        <sourcePath>
          <root type="composite">
            <root url="file://$USER_HOME$/Android/Sdk/sources/android-29" type="simple" />
          </root>
        </sourcePath>
      </roots>
      <additional jdk="1.8" sdk="android-29" />
    </jdk>
    <jdk version="2">
      <name value="1.8" />
      <type value="JavaSDK" />
      <version value="java version &quot;1.8.0_212&quot;" />
      <homePath value="$USER_HOME$/.sdkman/candidates/java/8.0.212-zulu" />
      <roots>
        <annotationsPath>
          <root type="composite">
            <root url="jar://$APPLICATION_HOME_DIR$/plugins/java/lib/jdkAnnotations.jar!/" type="simple" />
          </root>
        </annotationsPath>
        <classPath>
          <root type="composite">
            <root url="jar://$USER_HOME$/.sdkman/candidates/java/8.0.212-zulu/jre/lib/charsets.jar!/" type="simple" />
            <root url="jar://$USER_HOME$/.sdkman/candidates/java/8.0.212-zulu/jre/lib/ext/cldrdata.jar!/" type="simple" />
            <root url="jar://$USER_HOME$/.sdkman/candidates/java/8.0.212-zulu/jre/lib/ext/dnsns.jar!/" type="simple" />
            <root url="jar://$USER_HOME$/.sdkman/candidates/java/8.0.212-zulu/jre/lib/ext/jaccess.jar!/" type="simple" />
            <root url="jar://$USER_HOME$/.sdkman/candidates/java/8.0.212-zulu/jre/lib/ext/localedata.jar!/" type="simple" />
            <root url="jar://$USER_HOME$/.sdkman/candidates/java/8.0.212-zulu/jre/lib/ext/nashorn.jar!/" type="simple" />
            <root url="jar://$USER_HOME$/.sdkman/candidates/java/8.0.212-zulu/jre/lib/ext/sunec.jar!/" type="simple" />
            <root url="jar://$USER_HOME$/.sdkman/candidates/java/8.0.212-zulu/jre/lib/ext/sunjce_provider.jar!/" type="simple" />
            <root url="jar://$USER_HOME$/.sdkman/candidates/java/8.0.212-zulu/jre/lib/ext/sunpkcs11.jar!/" type="simple" />
            <root url="jar://$USER_HOME$/.sdkman/candidates/java/8.0.212-zulu/jre/lib/ext/zipfs.jar!/" type="simple" />
            <root url="jar://$USER_HOME$/.sdkman/candidates/java/8.0.212-zulu/jre/lib/jce.jar!/" type="simple" />
            <root url="jar://$USER_HOME$/.sdkman/candidates/java/8.0.212-zulu/jre/lib/jfr.jar!/" type="simple" />
            <root url="jar://$USER_HOME$/.sdkman/candidates/java/8.0.212-zulu/jre/lib/jsse.jar!/" type="simple" />
            <root url="jar://$USER_HOME$/.sdkman/candidates/java/8.0.212-zulu/jre/lib/management-agent.jar!/" type="simple" />
            <root url="jar://$USER_HOME$/.sdkman/candidates/java/8.0.212-zulu/jre/lib/resources.jar!/" type="simple" />
            <root url="jar://$USER_HOME$/.sdkman/candidates/java/8.0.212-zulu/jre/lib/rt.jar!/" type="simple" />
          </root>
        </classPath>
        <javadocPath>
          <root type="composite" />
        </javadocPath>
        <sourcePath>
          <root type="composite">
            <root url="jar://$USER_HOME$/.sdkman/candidates/java/8.0.212-zulu/src.zip!/" type="simple" />
          </root>
        </sourcePath>
      </roots>
      <additional />
    </jdk>
    <jdk version="2">
      <name value="11" />
      <type value="JavaSDK" />
      <version value="java version &quot;11.0.8&quot;" />
      <homePath value="$USER_HOME$/.sdkman/candidates/java/11.0.8.j9-adpt" />
      <roots>
        <annotationsPath>
          <root type="composite">
            <root url="jar://$APPLICATION_HOME_DIR$/plugins/java/lib/jdkAnnotations.jar!/" type="simple" />
          </root>
        </annotationsPath>
        <classPath>
          <root type="composite">
            <root url="jrt:///home/ivan/.sdkman/candidates/java/11.0.8.j9-adpt!/java.base" type="simple" />
            <root url="jrt:///home/ivan/.sdkman/candidates/java/11.0.8.j9-adpt!/java.compiler" type="simple" />
            <root url="jrt:///home/ivan/.sdkman/candidates/java/11.0.8.j9-adpt!/java.datatransfer" type="simple" />
            <root url="jrt:///home/ivan/.sdkman/candidates/java/11.0.8.j9-adpt!/java.desktop" type="simple" />
            <root url="jrt:///home/ivan/.sdkman/candidates/java/11.0.8.j9-adpt!/java.instrument" type="simple" />
            <root url="jrt:///home/ivan/.sdkman/candidates/java/11.0.8.j9-adpt!/java.logging" type="simple" />
            <root url="jrt:///home/ivan/.sdkman/candidates/java/11.0.8.j9-adpt!/java.management" type="simple" />
            <root url="jrt:///home/ivan/.sdkman/candidates/java/11.0.8.j9-adpt!/java.management.rmi" type="simple" />
            <root url="jrt:///home/ivan/.sdkman/candidates/java/11.0.8.j9-adpt!/java.naming" type="simple" />
            <root url="jrt:///home/ivan/.sdkman/candidates/java/11.0.8.j9-adpt!/java.net.http" type="simple" />
            <root url="jrt:///home/ivan/.sdkman/candidates/java/11.0.8.j9-adpt!/java.prefs" type="simple" />
            <root url="jrt:///home/ivan/.sdkman/candidates/java/11.0.8.j9-adpt!/java.rmi" type="simple" />
            <root url="jrt:///home/ivan/.sdkman/candidates/java/11.0.8.j9-adpt!/java.scripting" type="simple" />
            <root url="jrt:///home/ivan/.sdkman/candidates/java/11.0.8.j9-adpt!/java.se" type="simple" />
            <root url="jrt:///home/ivan/.sdkman/candidates/java/11.0.8.j9-adpt!/java.security.jgss" type="simple" />
            <root url="jrt:///home/ivan/.sdkman/candidates/java/11.0.8.j9-adpt!/java.security.sasl" type="simple" />
            <root url="jrt:///home/ivan/.sdkman/candidates/java/11.0.8.j9-adpt!/java.smartcardio" type="simple" />
            <root url="jrt:///home/ivan/.sdkman/candidates/java/11.0.8.j9-adpt!/java.sql" type="simple" />
            <root url="jrt:///home/ivan/.sdkman/candidates/java/11.0.8.j9-adpt!/java.sql.rowset" type="simple" />
            <root url="jrt:///home/ivan/.sdkman/candidates/java/11.0.8.j9-adpt!/java.transaction.xa" type="simple" />
            <root url="jrt:///home/ivan/.sdkman/candidates/java/11.0.8.j9-adpt!/java.xml" type="simple" />
            <root url="jrt:///home/ivan/.sdkman/candidates/java/11.0.8.j9-adpt!/java.xml.crypto" type="simple" />
            <root url="jrt:///home/ivan/.sdkman/candidates/java/11.0.8.j9-adpt!/jdk.accessibility" type="simple" />
            <root url="jrt:///home/ivan/.sdkman/candidates/java/11.0.8.j9-adpt!/jdk.attach" type="simple" />
            <root url="jrt:///home/ivan/.sdkman/candidates/java/11.0.8.j9-adpt!/jdk.charsets" type="simple" />
            <root url="jrt:///home/ivan/.sdkman/candidates/java/11.0.8.j9-adpt!/jdk.compiler" type="simple" />
            <root url="jrt:///home/ivan/.sdkman/candidates/java/11.0.8.j9-adpt!/jdk.crypto.cryptoki" type="simple" />
            <root url="jrt:///home/ivan/.sdkman/candidates/java/11.0.8.j9-adpt!/jdk.crypto.ec" type="simple" />
            <root url="jrt:///home/ivan/.sdkman/candidates/java/11.0.8.j9-adpt!/jdk.dynalink" type="simple" />
            <root url="jrt:///home/ivan/.sdkman/candidates/java/11.0.8.j9-adpt!/jdk.editpad" type="simple" />
            <root url="jrt:///home/ivan/.sdkman/candidates/java/11.0.8.j9-adpt!/jdk.httpserver" type="simple" />
            <root url="jrt:///home/ivan/.sdkman/candidates/java/11.0.8.j9-adpt!/jdk.internal.ed" type="simple" />
            <root url="jrt:///home/ivan/.sdkman/candidates/java/11.0.8.j9-adpt!/jdk.internal.jvmstat" type="simple" />
            <root url="jrt:///home/ivan/.sdkman/candidates/java/11.0.8.j9-adpt!/jdk.internal.le" type="simple" />
            <root url="jrt:///home/ivan/.sdkman/candidates/java/11.0.8.j9-adpt!/jdk.internal.opt" type="simple" />
            <root url="jrt:///home/ivan/.sdkman/candidates/java/11.0.8.j9-adpt!/jdk.jartool" type="simple" />
            <root url="jrt:///home/ivan/.sdkman/candidates/java/11.0.8.j9-adpt!/jdk.javadoc" type="simple" />
            <root url="jrt:///home/ivan/.sdkman/candidates/java/11.0.8.j9-adpt!/jdk.jcmd" type="simple" />
            <root url="jrt:///home/ivan/.sdkman/candidates/java/11.0.8.j9-adpt!/jdk.jconsole" type="simple" />
            <root url="jrt:///home/ivan/.sdkman/candidates/java/11.0.8.j9-adpt!/jdk.jdeps" type="simple" />
            <root url="jrt:///home/ivan/.sdkman/candidates/java/11.0.8.j9-adpt!/jdk.jdi" type="simple" />
            <root url="jrt:///home/ivan/.sdkman/candidates/java/11.0.8.j9-adpt!/jdk.jdwp.agent" type="simple" />
            <root url="jrt:///home/ivan/.sdkman/candidates/java/11.0.8.j9-adpt!/jdk.jlink" type="simple" />
            <root url="jrt:///home/ivan/.sdkman/candidates/java/11.0.8.j9-adpt!/jdk.jshell" type="simple" />
            <root url="jrt:///home/ivan/.sdkman/candidates/java/11.0.8.j9-adpt!/jdk.jsobject" type="simple" />
            <root url="jrt:///home/ivan/.sdkman/candidates/java/11.0.8.j9-adpt!/jdk.localedata" type="simple" />
            <root url="jrt:///home/ivan/.sdkman/candidates/java/11.0.8.j9-adpt!/jdk.management" type="simple" />
            <root url="jrt:///home/ivan/.sdkman/candidates/java/11.0.8.j9-adpt!/jdk.management.agent" type="simple" />
            <root url="jrt:///home/ivan/.sdkman/candidates/java/11.0.8.j9-adpt!/jdk.naming.dns" type="simple" />
            <root url="jrt:///home/ivan/.sdkman/candidates/java/11.0.8.j9-adpt!/jdk.naming.rmi" type="simple" />
            <root url="jrt:///home/ivan/.sdkman/candidates/java/11.0.8.j9-adpt!/jdk.net" type="simple" />
            <root url="jrt:///home/ivan/.sdkman/candidates/java/11.0.8.j9-adpt!/jdk.pack" type="simple" />
            <root url="jrt:///home/ivan/.sdkman/candidates/java/11.0.8.j9-adpt!/jdk.rmic" type="simple" />
            <root url="jrt:///home/ivan/.sdkman/candidates/java/11.0.8.j9-adpt!/jdk.scripting.nashorn" type="simple" />
            <root url="jrt:///home/ivan/.sdkman/candidates/java/11.0.8.j9-adpt!/jdk.scripting.nashorn.shell" type="simple" />
            <root url="jrt:///home/ivan/.sdkman/candidates/java/11.0.8.j9-adpt!/jdk.sctp" type="simple" />
            <root url="jrt:///home/ivan/.sdkman/candidates/java/11.0.8.j9-adpt!/jdk.security.auth" type="simple" />
            <root url="jrt:///home/ivan/.sdkman/candidates/java/11.0.8.j9-adpt!/jdk.security.jgss" type="simple" />
            <root url="jrt:///home/ivan/.sdkman/candidates/java/11.0.8.j9-adpt!/jdk.unsupported" type="simple" />
            <root url="jrt:///home/ivan/.sdkman/candidates/java/11.0.8.j9-adpt!/jdk.unsupported.desktop" type="simple" />
            <root url="jrt:///home/ivan/.sdkman/candidates/java/11.0.8.j9-adpt!/jdk.xml.dom" type="simple" />
            <root url="jrt:///home/ivan/.sdkman/candidates/java/11.0.8.j9-adpt!/jdk.zipfs" type="simple" />
            <root url="jrt:///home/ivan/.sdkman/candidates/java/11.0.8.j9-adpt!/openj9.cuda" type="simple" />
            <root url="jrt:///home/ivan/.sdkman/candidates/java/11.0.8.j9-adpt!/openj9.dataaccess" type="simple" />
            <root url="jrt:///home/ivan/.sdkman/candidates/java/11.0.8.j9-adpt!/openj9.dtfj" type="simple" />
            <root url="jrt:///home/ivan/.sdkman/candidates/java/11.0.8.j9-adpt!/openj9.dtfjview" type="simple" />
            <root url="jrt:///home/ivan/.sdkman/candidates/java/11.0.8.j9-adpt!/openj9.gpu" type="simple" />
            <root url="jrt:///home/ivan/.sdkman/candidates/java/11.0.8.j9-adpt!/openj9.jvm" type="simple" />
            <root url="jrt:///home/ivan/.sdkman/candidates/java/11.0.8.j9-adpt!/openj9.sharedclasses" type="simple" />
            <root url="jrt:///home/ivan/.sdkman/candidates/java/11.0.8.j9-adpt!/openj9.traceformat" type="simple" />
            <root url="jrt:///home/ivan/.sdkman/candidates/java/11.0.8.j9-adpt!/openj9.zosconditionhandling" type="simple" />
          </root>
        </classPath>
        <javadocPath>
          <root type="composite" />
        </javadocPath>
        <sourcePath>
          <root type="composite">
            <root url="jar://$USER_HOME$/.sdkman/candidates/java/11.0.8.j9-adpt/lib/src.zip!/java.se" type="simple" />
            <root url="jar://$USER_HOME$/.sdkman/candidates/java/11.0.8.j9-adpt/lib/src.zip!/jdk.jdi" type="simple" />
            <root url="jar://$USER_HOME$/.sdkman/candidates/java/11.0.8.j9-adpt/lib/src.zip!/jdk.net" type="simple" />
            <root url="jar://$USER_HOME$/.sdkman/candidates/java/11.0.8.j9-adpt/lib/src.zip!/java.rmi" type="simple" />
            <root url="jar://$USER_HOME$/.sdkman/candidates/java/11.0.8.j9-adpt/lib/src.zip!/java.sql" type="simple" />
            <root url="jar://$USER_HOME$/.sdkman/candidates/java/11.0.8.j9-adpt/lib/src.zip!/java.xml" type="simple" />
            <root url="jar://$USER_HOME$/.sdkman/candidates/java/11.0.8.j9-adpt/lib/src.zip!/jdk.jcmd" type="simple" />
            <root url="jar://$USER_HOME$/.sdkman/candidates/java/11.0.8.j9-adpt/lib/src.zip!/jdk.pack" type="simple" />
            <root url="jar://$USER_HOME$/.sdkman/candidates/java/11.0.8.j9-adpt/lib/src.zip!/jdk.rmic" type="simple" />
            <root url="jar://$USER_HOME$/.sdkman/candidates/java/11.0.8.j9-adpt/lib/src.zip!/jdk.sctp" type="simple" />
            <root url="jar://$USER_HOME$/.sdkman/candidates/java/11.0.8.j9-adpt/lib/src.zip!/java.base" type="simple" />
            <root url="jar://$USER_HOME$/.sdkman/candidates/java/11.0.8.j9-adpt/lib/src.zip!/jdk.jdeps" type="simple" />
            <root url="jar://$USER_HOME$/.sdkman/candidates/java/11.0.8.j9-adpt/lib/src.zip!/jdk.jlink" type="simple" />
            <root url="jar://$USER_HOME$/.sdkman/candidates/java/11.0.8.j9-adpt/lib/src.zip!/jdk.zipfs" type="simple" />
            <root url="jar://$USER_HOME$/.sdkman/candidates/java/11.0.8.j9-adpt/lib/src.zip!/java.prefs" type="simple" />
            <root url="jar://$USER_HOME$/.sdkman/candidates/java/11.0.8.j9-adpt/lib/src.zip!/jdk.attach" type="simple" />
            <root url="jar://$USER_HOME$/.sdkman/candidates/java/11.0.8.j9-adpt/lib/src.zip!/jdk.jshell" type="simple" />
            <root url="jar://$USER_HOME$/.sdkman/candidates/java/11.0.8.j9-adpt/lib/src.zip!/openj9.gpu" type="simple" />
            <root url="jar://$USER_HOME$/.sdkman/candidates/java/11.0.8.j9-adpt/lib/src.zip!/openj9.jvm" type="simple" />
            <root url="jar://$USER_HOME$/.sdkman/candidates/java/11.0.8.j9-adpt/lib/src.zip!/java.naming" type="simple" />
            <root url="jar://$USER_HOME$/.sdkman/candidates/java/11.0.8.j9-adpt/lib/src.zip!/jdk.editpad" type="simple" />
            <root url="jar://$USER_HOME$/.sdkman/candidates/java/11.0.8.j9-adpt/lib/src.zip!/jdk.jartool" type="simple" />
            <root url="jar://$USER_HOME$/.sdkman/candidates/java/11.0.8.j9-adpt/lib/src.zip!/jdk.javadoc" type="simple" />
            <root url="jar://$USER_HOME$/.sdkman/candidates/java/11.0.8.j9-adpt/lib/src.zip!/jdk.xml.dom" type="simple" />
            <root url="jar://$USER_HOME$/.sdkman/candidates/java/11.0.8.j9-adpt/lib/src.zip!/openj9.cuda" type="simple" />
            <root url="jar://$USER_HOME$/.sdkman/candidates/java/11.0.8.j9-adpt/lib/src.zip!/openj9.dtfj" type="simple" />
            <root url="jar://$USER_HOME$/.sdkman/candidates/java/11.0.8.j9-adpt/lib/src.zip!/java.desktop" type="simple" />
            <root url="jar://$USER_HOME$/.sdkman/candidates/java/11.0.8.j9-adpt/lib/src.zip!/java.logging" type="simple" />
            <root url="jar://$USER_HOME$/.sdkman/candidates/java/11.0.8.j9-adpt/lib/src.zip!/jdk.charsets" type="simple" />
            <root url="jar://$USER_HOME$/.sdkman/candidates/java/11.0.8.j9-adpt/lib/src.zip!/jdk.compiler" type="simple" />
            <root url="jar://$USER_HOME$/.sdkman/candidates/java/11.0.8.j9-adpt/lib/src.zip!/jdk.dynalink" type="simple" />
            <root url="jar://$USER_HOME$/.sdkman/candidates/java/11.0.8.j9-adpt/lib/src.zip!/jdk.jconsole" type="simple" />
            <root url="jar://$USER_HOME$/.sdkman/candidates/java/11.0.8.j9-adpt/lib/src.zip!/jdk.jsobject" type="simple" />
            <root url="jar://$USER_HOME$/.sdkman/candidates/java/11.0.8.j9-adpt/lib/src.zip!/java.compiler" type="simple" />
            <root url="jar://$USER_HOME$/.sdkman/candidates/java/11.0.8.j9-adpt/lib/src.zip!/java.net.http" type="simple" />
            <root url="jar://$USER_HOME$/.sdkman/candidates/java/11.0.8.j9-adpt/lib/src.zip!/jdk.crypto.ec" type="simple" />
            <root url="jar://$USER_HOME$/.sdkman/candidates/java/11.0.8.j9-adpt/lib/src.zip!/java.scripting" type="simple" />
            <root url="jar://$USER_HOME$/.sdkman/candidates/java/11.0.8.j9-adpt/lib/src.zip!/jdk.httpserver" type="simple" />
            <root url="jar://$USER_HOME$/.sdkman/candidates/java/11.0.8.j9-adpt/lib/src.zip!/jdk.jdwp.agent" type="simple" />
            <root url="jar://$USER_HOME$/.sdkman/candidates/java/11.0.8.j9-adpt/lib/src.zip!/jdk.localedata" type="simple" />
            <root url="jar://$USER_HOME$/.sdkman/candidates/java/11.0.8.j9-adpt/lib/src.zip!/jdk.management" type="simple" />
            <root url="jar://$USER_HOME$/.sdkman/candidates/java/11.0.8.j9-adpt/lib/src.zip!/jdk.naming.dns" type="simple" />
            <root url="jar://$USER_HOME$/.sdkman/candidates/java/11.0.8.j9-adpt/lib/src.zip!/jdk.naming.rmi" type="simple" />
            <root url="jar://$USER_HOME$/.sdkman/candidates/java/11.0.8.j9-adpt/lib/src.zip!/java.instrument" type="simple" />
            <root url="jar://$USER_HOME$/.sdkman/candidates/java/11.0.8.j9-adpt/lib/src.zip!/java.management" type="simple" />
            <root url="jar://$USER_HOME$/.sdkman/candidates/java/11.0.8.j9-adpt/lib/src.zip!/java.sql.rowset" type="simple" />
            <root url="jar://$USER_HOME$/.sdkman/candidates/java/11.0.8.j9-adpt/lib/src.zip!/java.xml.crypto" type="simple" />
            <root url="jar://$USER_HOME$/.sdkman/candidates/java/11.0.8.j9-adpt/lib/src.zip!/jdk.internal.ed" type="simple" />
            <root url="jar://$USER_HOME$/.sdkman/candidates/java/11.0.8.j9-adpt/lib/src.zip!/jdk.internal.le" type="simple" />
            <root url="jar://$USER_HOME$/.sdkman/candidates/java/11.0.8.j9-adpt/lib/src.zip!/jdk.unsupported" type="simple" />
            <root url="jar://$USER_HOME$/.sdkman/candidates/java/11.0.8.j9-adpt/lib/src.zip!/openj9.dtfjview" type="simple" />
            <root url="jar://$USER_HOME$/.sdkman/candidates/java/11.0.8.j9-adpt/lib/src.zip!/java.smartcardio" type="simple" />
            <root url="jar://$USER_HOME$/.sdkman/candidates/java/11.0.8.j9-adpt/lib/src.zip!/jdk.internal.opt" type="simple" />
            <root url="jar://$USER_HOME$/.sdkman/candidates/java/11.0.8.j9-adpt/lib/src.zip!/java.datatransfer" type="simple" />
            <root url="jar://$USER_HOME$/.sdkman/candidates/java/11.0.8.j9-adpt/lib/src.zip!/jdk.accessibility" type="simple" />
            <root url="jar://$USER_HOME$/.sdkman/candidates/java/11.0.8.j9-adpt/lib/src.zip!/jdk.security.auth" type="simple" />
            <root url="jar://$USER_HOME$/.sdkman/candidates/java/11.0.8.j9-adpt/lib/src.zip!/jdk.security.jgss" type="simple" />
            <root url="jar://$USER_HOME$/.sdkman/candidates/java/11.0.8.j9-adpt/lib/src.zip!/openj9.dataaccess" type="simple" />
            <root url="jar://$USER_HOME$/.sdkman/candidates/java/11.0.8.j9-adpt/lib/src.zip!/java.security.jgss" type="simple" />
            <root url="jar://$USER_HOME$/.sdkman/candidates/java/11.0.8.j9-adpt/lib/src.zip!/java.security.sasl" type="simple" />
            <root url="jar://$USER_HOME$/.sdkman/candidates/java/11.0.8.j9-adpt/lib/src.zip!/openj9.traceformat" type="simple" />
            <root url="jar://$USER_HOME$/.sdkman/candidates/java/11.0.8.j9-adpt/lib/src.zip!/java.management.rmi" type="simple" />
            <root url="jar://$USER_HOME$/.sdkman/candidates/java/11.0.8.j9-adpt/lib/src.zip!/java.transaction.xa" type="simple" />
            <root url="jar://$USER_HOME$/.sdkman/candidates/java/11.0.8.j9-adpt/lib/src.zip!/jdk.crypto.cryptoki" type="simple" />
            <root url="jar://$USER_HOME$/.sdkman/candidates/java/11.0.8.j9-adpt/lib/src.zip!/jdk.internal.jvmstat" type="simple" />
            <root url="jar://$USER_HOME$/.sdkman/candidates/java/11.0.8.j9-adpt/lib/src.zip!/jdk.management.agent" type="simple" />
            <root url="jar://$USER_HOME$/.sdkman/candidates/java/11.0.8.j9-adpt/lib/src.zip!/openj9.sharedclasses" type="simple" />
            <root url="jar://$USER_HOME$/.sdkman/candidates/java/11.0.8.j9-adpt/lib/src.zip!/jdk.scripting.nashorn" type="simple" />
            <root url="jar://$USER_HOME$/.sdkman/candidates/java/11.0.8.j9-adpt/lib/src.zip!/jdk.unsupported.desktop" type="simple" />
            <root url="jar://$USER_HOME$/.sdkman/candidates/java/11.0.8.j9-adpt/lib/src.zip!/jdk.scripting.nashorn.shell" type="simple" />
            <root url="jar://$USER_HOME$/.sdkman/candidates/java/11.0.8.j9-adpt/lib/src.zip!/openj9.zosconditionhandling" type="simple" />
          </root>
        </sourcePath>
      </roots>
      <additional />
    </jdk>
  </component>
</application>