<application>
  <component name="ProjectJdkTable">
    <jdk version="2">
      <name value="1.8" />
      <type value="JavaSDK" />
      <version value="java version &quot;1.8.0_272&quot;" />
      <homePath value="$USER_HOME$/.sdkman/candidates/java/8.0.272-zulu" />
      <roots>
        <annotationsPath>
          <root type="composite">
            <root url="jar://$APPLICATION_HOME_DIR$/plugins/java/lib/jdkAnnotations.jar!/" type="simple" />
          </root>
        </annotationsPath>
        <classPath>
          <root type="composite">
            <root url="jar://$USER_HOME$/.sdkman/candidates/java/8.0.272-zulu/jre/lib/charsets.jar!/" type="simple" />
            <root url="jar://$USER_HOME$/.sdkman/candidates/java/8.0.272-zulu/jre/lib/ext/cldrdata.jar!/" type="simple" />
            <root url="jar://$USER_HOME$/.sdkman/candidates/java/8.0.272-zulu/jre/lib/ext/dnsns.jar!/" type="simple" />
            <root url="jar://$USER_HOME$/.sdkman/candidates/java/8.0.272-zulu/jre/lib/ext/jaccess.jar!/" type="simple" />
            <root url="jar://$USER_HOME$/.sdkman/candidates/java/8.0.272-zulu/jre/lib/ext/legacy8ujsse.jar!/" type="simple" />
            <root url="jar://$USER_HOME$/.sdkman/candidates/java/8.0.272-zulu/jre/lib/ext/localedata.jar!/" type="simple" />
            <root url="jar://$USER_HOME$/.sdkman/candidates/java/8.0.272-zulu/jre/lib/ext/nashorn.jar!/" type="simple" />
            <root url="jar://$USER_HOME$/.sdkman/candidates/java/8.0.272-zulu/jre/lib/ext/openjsse.jar!/" type="simple" />
            <root url="jar://$USER_HOME$/.sdkman/candidates/java/8.0.272-zulu/jre/lib/ext/sunec.jar!/" type="simple" />
            <root url="jar://$USER_HOME$/.sdkman/candidates/java/8.0.272-zulu/jre/lib/ext/sunjce_provider.jar!/" type="simple" />
            <root url="jar://$USER_HOME$/.sdkman/candidates/java/8.0.272-zulu/jre/lib/ext/sunpkcs11.jar!/" type="simple" />
            <root url="jar://$USER_HOME$/.sdkman/candidates/java/8.0.272-zulu/jre/lib/ext/zipfs.jar!/" type="simple" />
            <root url="jar://$USER_HOME$/.sdkman/candidates/java/8.0.272-zulu/jre/lib/jce.jar!/" type="simple" />
            <root url="jar://$USER_HOME$/.sdkman/candidates/java/8.0.272-zulu/jre/lib/jfr.jar!/" type="simple" />
            <root url="jar://$USER_HOME$/.sdkman/candidates/java/8.0.272-zulu/jre/lib/jsse.jar!/" type="simple" />
            <root url="jar://$USER_HOME$/.sdkman/candidates/java/8.0.272-zulu/jre/lib/management-agent.jar!/" type="simple" />
            <root url="jar://$USER_HOME$/.sdkman/candidates/java/8.0.272-zulu/jre/lib/resources.jar!/" type="simple" />
            <root url="jar://$USER_HOME$/.sdkman/candidates/java/8.0.272-zulu/jre/lib/rt.jar!/" type="simple" />
            <root url="jar://$USER_HOME$/.sdkman/candidates/java/8.0.212-zulu/jre/lib/charsets.jar!/" type="simple" />
            <root url="jar://$USER_HOME$/.sdkman/candidates/java/8.0.212-zulu/jre/lib/ext/cldrdata.jar!/" type="simple" />
            <root url="jar://$USER_HOME$/.sdkman/candidates/java/8.0.212-zulu/jre/lib/ext/dnsns.jar!/" type="simple" />
            <root url="jar://$USER_HOME$/.sdkman/candidates/java/8.0.212-zulu/jre/lib/ext/jaccess.jar!/" type="simple" />
            <root url="jar://$USER_HOME$/.sdkman/candidates/java/8.0.212-zulu/jre/lib/ext/localedata.jar!/" type="simple" />
            <root url="jar://$USER_HOME$/.sdkman/candidates/java/8.0.212-zulu/jre/lib/ext/nashorn.jar!/" type="simple" />
            <root url="jar://$USER_HOME$/.sdkman/candidates/java/8.0.212-zulu/jre/lib/ext/sunec.jar!/" type="simple" />
            <root url="jar://$USER_HOME$/.sdkman/candidates/java/8.0.212-zulu/jre/lib/ext/sunjce_provider.jar!/" type="simple" />
            <root url="jar://$USER_HOME$/.sdkman/candidates/java/8.0.212-zulu/jre/lib/ext/sunpkcs11.jar!/" type="simple" />
            <root url="jar://$USER_HOME$/.sdkman/candidates/java/8.0.212-zulu/jre/lib/ext/zipfs.jar!/" type="simple" />
            <root url="jar://$USER_HOME$/.sdkman/candidates/java/8.0.212-zulu/jre/lib/jce.jar!/" type="simple" />
            <root url="jar://$USER_HOME$/.sdkman/candidates/java/8.0.212-zulu/jre/lib/jfr.jar!/" type="simple" />
            <root url="jar://$USER_HOME$/.sdkman/candidates/java/8.0.212-zulu/jre/lib/jsse.jar!/" type="simple" />
            <root url="jar://$USER_HOME$/.sdkman/candidates/java/8.0.212-zulu/jre/lib/management-agent.jar!/" type="simple" />
            <root url="jar://$USER_HOME$/.sdkman/candidates/java/8.0.212-zulu/jre/lib/resources.jar!/" type="simple" />
            <root url="jar://$USER_HOME$/.sdkman/candidates/java/8.0.212-zulu/jre/lib/rt.jar!/" type="simple" />
          </root>
        </classPath>
        <javadocPath>
          <root type="composite" />
        </javadocPath>
        <sourcePath>
          <root type="composite">
            <root url="jar://$USER_HOME$/.sdkman/candidates/java/8.0.212-zulu/src.zip!/" type="simple" />
            <root url="jar://$USER_HOME$/.sdkman/candidates/java/8.0.272-zulu/src.zip!/" type="simple" />
          </root>
        </sourcePath>
      </roots>
      <additional />
    </jdk>
    <jdk version="2">
      <name value="jbr-11" />
      <type value="JavaSDK" />
      <version value="JetBrains Runtime version 11.0.10" />
      <homePath value="$APPLICATION_HOME_DIR$/jbr" />
      <roots>
        <annotationsPath>
          <root type="composite">
            <root url="jar://$APPLICATION_HOME_DIR$/plugins/java/lib/jdkAnnotations.jar!/" type="simple" />
          </root>
        </annotationsPath>
        <classPath>
          <root type="composite">
            <root url="jrt:///home/ivan/Tools/intellij/jbr!/gluegen.rt" type="simple" />
            <root url="jrt:///home/ivan/Tools/intellij/jbr!/java.base" type="simple" />
            <root url="jrt:///home/ivan/Tools/intellij/jbr!/java.compiler" type="simple" />
            <root url="jrt:///home/ivan/Tools/intellij/jbr!/java.datatransfer" type="simple" />
            <root url="jrt:///home/ivan/Tools/intellij/jbr!/java.desktop" type="simple" />
            <root url="jrt:///home/ivan/Tools/intellij/jbr!/java.instrument" type="simple" />
            <root url="jrt:///home/ivan/Tools/intellij/jbr!/java.logging" type="simple" />
            <root url="jrt:///home/ivan/Tools/intellij/jbr!/java.management" type="simple" />
            <root url="jrt:///home/ivan/Tools/intellij/jbr!/java.management.rmi" type="simple" />
            <root url="jrt:///home/ivan/Tools/intellij/jbr!/java.naming" type="simple" />
            <root url="jrt:///home/ivan/Tools/intellij/jbr!/java.net.http" type="simple" />
            <root url="jrt:///home/ivan/Tools/intellij/jbr!/java.prefs" type="simple" />
            <root url="jrt:///home/ivan/Tools/intellij/jbr!/java.rmi" type="simple" />
            <root url="jrt:///home/ivan/Tools/intellij/jbr!/java.scripting" type="simple" />
            <root url="jrt:///home/ivan/Tools/intellij/jbr!/java.se" type="simple" />
            <root url="jrt:///home/ivan/Tools/intellij/jbr!/java.security.jgss" type="simple" />
            <root url="jrt:///home/ivan/Tools/intellij/jbr!/java.security.sasl" type="simple" />
            <root url="jrt:///home/ivan/Tools/intellij/jbr!/java.smartcardio" type="simple" />
            <root url="jrt:///home/ivan/Tools/intellij/jbr!/java.sql" type="simple" />
            <root url="jrt:///home/ivan/Tools/intellij/jbr!/java.sql.rowset" type="simple" />
            <root url="jrt:///home/ivan/Tools/intellij/jbr!/java.transaction.xa" type="simple" />
            <root url="jrt:///home/ivan/Tools/intellij/jbr!/java.xml" type="simple" />
            <root url="jrt:///home/ivan/Tools/intellij/jbr!/java.xml.crypto" type="simple" />
            <root url="jrt:///home/ivan/Tools/intellij/jbr!/jcef" type="simple" />
            <root url="jrt:///home/ivan/Tools/intellij/jbr!/jdk.accessibility" type="simple" />
            <root url="jrt:///home/ivan/Tools/intellij/jbr!/jdk.aot" type="simple" />
            <root url="jrt:///home/ivan/Tools/intellij/jbr!/jdk.attach" type="simple" />
            <root url="jrt:///home/ivan/Tools/intellij/jbr!/jdk.charsets" type="simple" />
            <root url="jrt:///home/ivan/Tools/intellij/jbr!/jdk.compiler" type="simple" />
            <root url="jrt:///home/ivan/Tools/intellij/jbr!/jdk.crypto.cryptoki" type="simple" />
            <root url="jrt:///home/ivan/Tools/intellij/jbr!/jdk.crypto.ec" type="simple" />
            <root url="jrt:///home/ivan/Tools/intellij/jbr!/jdk.dynalink" type="simple" />
            <root url="jrt:///home/ivan/Tools/intellij/jbr!/jdk.hotspot.agent" type="simple" />
            <root url="jrt:///home/ivan/Tools/intellij/jbr!/jdk.httpserver" type="simple" />
            <root url="jrt:///home/ivan/Tools/intellij/jbr!/jdk.internal.ed" type="simple" />
            <root url="jrt:///home/ivan/Tools/intellij/jbr!/jdk.internal.jvmstat" type="simple" />
            <root url="jrt:///home/ivan/Tools/intellij/jbr!/jdk.internal.le" type="simple" />
            <root url="jrt:///home/ivan/Tools/intellij/jbr!/jdk.internal.vm.ci" type="simple" />
            <root url="jrt:///home/ivan/Tools/intellij/jbr!/jdk.internal.vm.compiler" type="simple" />
            <root url="jrt:///home/ivan/Tools/intellij/jbr!/jdk.internal.vm.compiler.management" type="simple" />
            <root url="jrt:///home/ivan/Tools/intellij/jbr!/jdk.jcmd" type="simple" />
            <root url="jrt:///home/ivan/Tools/intellij/jbr!/jdk.jdi" type="simple" />
            <root url="jrt:///home/ivan/Tools/intellij/jbr!/jdk.jdwp.agent" type="simple" />
            <root url="jrt:///home/ivan/Tools/intellij/jbr!/jdk.jfr" type="simple" />
            <root url="jrt:///home/ivan/Tools/intellij/jbr!/jdk.jsobject" type="simple" />
            <root url="jrt:///home/ivan/Tools/intellij/jbr!/jdk.localedata" type="simple" />
            <root url="jrt:///home/ivan/Tools/intellij/jbr!/jdk.management" type="simple" />
            <root url="jrt:///home/ivan/Tools/intellij/jbr!/jdk.management.agent" type="simple" />
            <root url="jrt:///home/ivan/Tools/intellij/jbr!/jdk.management.jfr" type="simple" />
            <root url="jrt:///home/ivan/Tools/intellij/jbr!/jdk.naming.dns" type="simple" />
            <root url="jrt:///home/ivan/Tools/intellij/jbr!/jdk.naming.rmi" type="simple" />
            <root url="jrt:///home/ivan/Tools/intellij/jbr!/jdk.net" type="simple" />
            <root url="jrt:///home/ivan/Tools/intellij/jbr!/jdk.pack" type="simple" />
            <root url="jrt:///home/ivan/Tools/intellij/jbr!/jdk.scripting.nashorn" type="simple" />
            <root url="jrt:///home/ivan/Tools/intellij/jbr!/jdk.scripting.nashorn.shell" type="simple" />
            <root url="jrt:///home/ivan/Tools/intellij/jbr!/jdk.sctp" type="simple" />
            <root url="jrt:///home/ivan/Tools/intellij/jbr!/jdk.security.auth" type="simple" />
            <root url="jrt:///home/ivan/Tools/intellij/jbr!/jdk.security.jgss" type="simple" />
            <root url="jrt:///home/ivan/Tools/intellij/jbr!/jdk.unsupported" type="simple" />
            <root url="jrt:///home/ivan/Tools/intellij/jbr!/jdk.xml.dom" type="simple" />
            <root url="jrt:///home/ivan/Tools/intellij/jbr!/jdk.zipfs" type="simple" />
            <root url="jrt:///home/ivan/Tools/intellij/jbr!/jogl.all" type="simple" />
          </root>
        </classPath>
        <javadocPath>
          <root type="composite">
            <root url="https://docs.oracle.com/en/java/javase/11/docs/api/" type="simple" />
          </root>
        </javadocPath>
        <sourcePath>
          <root type="composite" />
        </sourcePath>
      </roots>
      <additional />
    </jdk>
    <jdk version="2">
      <name value="azul-15" />
      <type value="JavaSDK" />
      <version value="Azul Zulu Community™ version 15.0.4" />
      <homePath value="$USER_HOME$/.jdks/azul-15.0.4" />
      <roots>
        <annotationsPath>
          <root type="composite">
            <root url="jar://$APPLICATION_HOME_DIR$/plugins/java/lib/jdkAnnotations.jar!/" type="simple" />
          </root>
        </annotationsPath>
        <classPath>
          <root type="composite">
            <root url="jrt:///home/ivan/.jdks/azul-15.0.4!/java.base" type="simple" />
            <root url="jrt:///home/ivan/.jdks/azul-15.0.4!/java.compiler" type="simple" />
            <root url="jrt:///home/ivan/.jdks/azul-15.0.4!/java.datatransfer" type="simple" />
            <root url="jrt:///home/ivan/.jdks/azul-15.0.4!/java.desktop" type="simple" />
            <root url="jrt:///home/ivan/.jdks/azul-15.0.4!/java.instrument" type="simple" />
            <root url="jrt:///home/ivan/.jdks/azul-15.0.4!/java.logging" type="simple" />
            <root url="jrt:///home/ivan/.jdks/azul-15.0.4!/java.management" type="simple" />
            <root url="jrt:///home/ivan/.jdks/azul-15.0.4!/java.management.rmi" type="simple" />
            <root url="jrt:///home/ivan/.jdks/azul-15.0.4!/java.naming" type="simple" />
            <root url="jrt:///home/ivan/.jdks/azul-15.0.4!/java.net.http" type="simple" />
            <root url="jrt:///home/ivan/.jdks/azul-15.0.4!/java.prefs" type="simple" />
            <root url="jrt:///home/ivan/.jdks/azul-15.0.4!/java.rmi" type="simple" />
            <root url="jrt:///home/ivan/.jdks/azul-15.0.4!/java.scripting" type="simple" />
            <root url="jrt:///home/ivan/.jdks/azul-15.0.4!/java.se" type="simple" />
            <root url="jrt:///home/ivan/.jdks/azul-15.0.4!/java.security.jgss" type="simple" />
            <root url="jrt:///home/ivan/.jdks/azul-15.0.4!/java.security.sasl" type="simple" />
            <root url="jrt:///home/ivan/.jdks/azul-15.0.4!/java.smartcardio" type="simple" />
            <root url="jrt:///home/ivan/.jdks/azul-15.0.4!/java.sql" type="simple" />
            <root url="jrt:///home/ivan/.jdks/azul-15.0.4!/java.sql.rowset" type="simple" />
            <root url="jrt:///home/ivan/.jdks/azul-15.0.4!/java.transaction.xa" type="simple" />
            <root url="jrt:///home/ivan/.jdks/azul-15.0.4!/java.xml" type="simple" />
            <root url="jrt:///home/ivan/.jdks/azul-15.0.4!/java.xml.crypto" type="simple" />
            <root url="jrt:///home/ivan/.jdks/azul-15.0.4!/jdk.accessibility" type="simple" />
            <root url="jrt:///home/ivan/.jdks/azul-15.0.4!/jdk.aot" type="simple" />
            <root url="jrt:///home/ivan/.jdks/azul-15.0.4!/jdk.attach" type="simple" />
            <root url="jrt:///home/ivan/.jdks/azul-15.0.4!/jdk.charsets" type="simple" />
            <root url="jrt:///home/ivan/.jdks/azul-15.0.4!/jdk.compiler" type="simple" />
            <root url="jrt:///home/ivan/.jdks/azul-15.0.4!/jdk.crypto.cryptoki" type="simple" />
            <root url="jrt:///home/ivan/.jdks/azul-15.0.4!/jdk.crypto.ec" type="simple" />
            <root url="jrt:///home/ivan/.jdks/azul-15.0.4!/jdk.dynalink" type="simple" />
            <root url="jrt:///home/ivan/.jdks/azul-15.0.4!/jdk.editpad" type="simple" />
            <root url="jrt:///home/ivan/.jdks/azul-15.0.4!/jdk.hotspot.agent" type="simple" />
            <root url="jrt:///home/ivan/.jdks/azul-15.0.4!/jdk.httpserver" type="simple" />
            <root url="jrt:///home/ivan/.jdks/azul-15.0.4!/jdk.incubator.foreign" type="simple" />
            <root url="jrt:///home/ivan/.jdks/azul-15.0.4!/jdk.incubator.jpackage" type="simple" />
            <root url="jrt:///home/ivan/.jdks/azul-15.0.4!/jdk.internal.ed" type="simple" />
            <root url="jrt:///home/ivan/.jdks/azul-15.0.4!/jdk.internal.jvmstat" type="simple" />
            <root url="jrt:///home/ivan/.jdks/azul-15.0.4!/jdk.internal.le" type="simple" />
            <root url="jrt:///home/ivan/.jdks/azul-15.0.4!/jdk.internal.opt" type="simple" />
            <root url="jrt:///home/ivan/.jdks/azul-15.0.4!/jdk.internal.vm.ci" type="simple" />
            <root url="jrt:///home/ivan/.jdks/azul-15.0.4!/jdk.internal.vm.compiler" type="simple" />
            <root url="jrt:///home/ivan/.jdks/azul-15.0.4!/jdk.internal.vm.compiler.management" type="simple" />
            <root url="jrt:///home/ivan/.jdks/azul-15.0.4!/jdk.jartool" type="simple" />
            <root url="jrt:///home/ivan/.jdks/azul-15.0.4!/jdk.javadoc" type="simple" />
            <root url="jrt:///home/ivan/.jdks/azul-15.0.4!/jdk.jcmd" type="simple" />
            <root url="jrt:///home/ivan/.jdks/azul-15.0.4!/jdk.jconsole" type="simple" />
            <root url="jrt:///home/ivan/.jdks/azul-15.0.4!/jdk.jdeps" type="simple" />
            <root url="jrt:///home/ivan/.jdks/azul-15.0.4!/jdk.jdi" type="simple" />
            <root url="jrt:///home/ivan/.jdks/azul-15.0.4!/jdk.jdwp.agent" type="simple" />
            <root url="jrt:///home/ivan/.jdks/azul-15.0.4!/jdk.jfr" type="simple" />
            <root url="jrt:///home/ivan/.jdks/azul-15.0.4!/jdk.jlink" type="simple" />
            <root url="jrt:///home/ivan/.jdks/azul-15.0.4!/jdk.jshell" type="simple" />
            <root url="jrt:///home/ivan/.jdks/azul-15.0.4!/jdk.jsobject" type="simple" />
            <root url="jrt:///home/ivan/.jdks/azul-15.0.4!/jdk.jstatd" type="simple" />
            <root url="jrt:///home/ivan/.jdks/azul-15.0.4!/jdk.localedata" type="simple" />
            <root url="jrt:///home/ivan/.jdks/azul-15.0.4!/jdk.management" type="simple" />
            <root url="jrt:///home/ivan/.jdks/azul-15.0.4!/jdk.management.agent" type="simple" />
            <root url="jrt:///home/ivan/.jdks/azul-15.0.4!/jdk.management.jfr" type="simple" />
            <root url="jrt:///home/ivan/.jdks/azul-15.0.4!/jdk.naming.dns" type="simple" />
            <root url="jrt:///home/ivan/.jdks/azul-15.0.4!/jdk.naming.rmi" type="simple" />
            <root url="jrt:///home/ivan/.jdks/azul-15.0.4!/jdk.net" type="simple" />
            <root url="jrt:///home/ivan/.jdks/azul-15.0.4!/jdk.nio.mapmode" type="simple" />
            <root url="jrt:///home/ivan/.jdks/azul-15.0.4!/jdk.sctp" type="simple" />
            <root url="jrt:///home/ivan/.jdks/azul-15.0.4!/jdk.security.auth" type="simple" />
            <root url="jrt:///home/ivan/.jdks/azul-15.0.4!/jdk.security.jgss" type="simple" />
            <root url="jrt:///home/ivan/.jdks/azul-15.0.4!/jdk.unsupported" type="simple" />
            <root url="jrt:///home/ivan/.jdks/azul-15.0.4!/jdk.unsupported.desktop" type="simple" />
            <root url="jrt:///home/ivan/.jdks/azul-15.0.4!/jdk.xml.dom" type="simple" />
            <root url="jrt:///home/ivan/.jdks/azul-15.0.4!/jdk.zipfs" type="simple" />
          </root>
        </classPath>
        <javadocPath>
          <root type="composite" />
        </javadocPath>
        <sourcePath>
          <root type="composite">
            <root url="jar://$USER_HOME$/.jdks/azul-15.0.4/lib/src.zip!/java.se" type="simple" />
            <root url="jar://$USER_HOME$/.jdks/azul-15.0.4/lib/src.zip!/jdk.aot" type="simple" />
            <root url="jar://$USER_HOME$/.jdks/azul-15.0.4/lib/src.zip!/jdk.jdi" type="simple" />
            <root url="jar://$USER_HOME$/.jdks/azul-15.0.4/lib/src.zip!/jdk.jfr" type="simple" />
            <root url="jar://$USER_HOME$/.jdks/azul-15.0.4/lib/src.zip!/jdk.net" type="simple" />
            <root url="jar://$USER_HOME$/.jdks/azul-15.0.4/lib/src.zip!/java.rmi" type="simple" />
            <root url="jar://$USER_HOME$/.jdks/azul-15.0.4/lib/src.zip!/java.sql" type="simple" />
            <root url="jar://$USER_HOME$/.jdks/azul-15.0.4/lib/src.zip!/java.xml" type="simple" />
            <root url="jar://$USER_HOME$/.jdks/azul-15.0.4/lib/src.zip!/jdk.jcmd" type="simple" />
            <root url="jar://$USER_HOME$/.jdks/azul-15.0.4/lib/src.zip!/jdk.sctp" type="simple" />
            <root url="jar://$USER_HOME$/.jdks/azul-15.0.4/lib/src.zip!/java.base" type="simple" />
            <root url="jar://$USER_HOME$/.jdks/azul-15.0.4/lib/src.zip!/jdk.jdeps" type="simple" />
            <root url="jar://$USER_HOME$/.jdks/azul-15.0.4/lib/src.zip!/jdk.jlink" type="simple" />
            <root url="jar://$USER_HOME$/.jdks/azul-15.0.4/lib/src.zip!/jdk.zipfs" type="simple" />
            <root url="jar://$USER_HOME$/.jdks/azul-15.0.4/lib/src.zip!/java.prefs" type="simple" />
            <root url="jar://$USER_HOME$/.jdks/azul-15.0.4/lib/src.zip!/jdk.attach" type="simple" />
            <root url="jar://$USER_HOME$/.jdks/azul-15.0.4/lib/src.zip!/jdk.jshell" type="simple" />
            <root url="jar://$USER_HOME$/.jdks/azul-15.0.4/lib/src.zip!/jdk.jstatd" type="simple" />
            <root url="jar://$USER_HOME$/.jdks/azul-15.0.4/lib/src.zip!/java.naming" type="simple" />
            <root url="jar://$USER_HOME$/.jdks/azul-15.0.4/lib/src.zip!/jdk.editpad" type="simple" />
            <root url="jar://$USER_HOME$/.jdks/azul-15.0.4/lib/src.zip!/jdk.jartool" type="simple" />
            <root url="jar://$USER_HOME$/.jdks/azul-15.0.4/lib/src.zip!/jdk.javadoc" type="simple" />
            <root url="jar://$USER_HOME$/.jdks/azul-15.0.4/lib/src.zip!/jdk.xml.dom" type="simple" />
            <root url="jar://$USER_HOME$/.jdks/azul-15.0.4/lib/src.zip!/java.desktop" type="simple" />
            <root url="jar://$USER_HOME$/.jdks/azul-15.0.4/lib/src.zip!/java.logging" type="simple" />
            <root url="jar://$USER_HOME$/.jdks/azul-15.0.4/lib/src.zip!/jdk.charsets" type="simple" />
            <root url="jar://$USER_HOME$/.jdks/azul-15.0.4/lib/src.zip!/jdk.compiler" type="simple" />
            <root url="jar://$USER_HOME$/.jdks/azul-15.0.4/lib/src.zip!/jdk.dynalink" type="simple" />
            <root url="jar://$USER_HOME$/.jdks/azul-15.0.4/lib/src.zip!/jdk.jconsole" type="simple" />
            <root url="jar://$USER_HOME$/.jdks/azul-15.0.4/lib/src.zip!/jdk.jsobject" type="simple" />
            <root url="jar://$USER_HOME$/.jdks/azul-15.0.4/lib/src.zip!/java.compiler" type="simple" />
            <root url="jar://$USER_HOME$/.jdks/azul-15.0.4/lib/src.zip!/java.net.http" type="simple" />
            <root url="jar://$USER_HOME$/.jdks/azul-15.0.4/lib/src.zip!/jdk.crypto.ec" type="simple" />
            <root url="jar://$USER_HOME$/.jdks/azul-15.0.4/lib/src.zip!/java.scripting" type="simple" />
            <root url="jar://$USER_HOME$/.jdks/azul-15.0.4/lib/src.zip!/jdk.httpserver" type="simple" />
            <root url="jar://$USER_HOME$/.jdks/azul-15.0.4/lib/src.zip!/jdk.jdwp.agent" type="simple" />
            <root url="jar://$USER_HOME$/.jdks/azul-15.0.4/lib/src.zip!/jdk.localedata" type="simple" />
            <root url="jar://$USER_HOME$/.jdks/azul-15.0.4/lib/src.zip!/jdk.management" type="simple" />
            <root url="jar://$USER_HOME$/.jdks/azul-15.0.4/lib/src.zip!/jdk.naming.dns" type="simple" />
            <root url="jar://$USER_HOME$/.jdks/azul-15.0.4/lib/src.zip!/jdk.naming.rmi" type="simple" />
            <root url="jar://$USER_HOME$/.jdks/azul-15.0.4/lib/src.zip!/java.instrument" type="simple" />
            <root url="jar://$USER_HOME$/.jdks/azul-15.0.4/lib/src.zip!/java.management" type="simple" />
            <root url="jar://$USER_HOME$/.jdks/azul-15.0.4/lib/src.zip!/java.sql.rowset" type="simple" />
            <root url="jar://$USER_HOME$/.jdks/azul-15.0.4/lib/src.zip!/java.xml.crypto" type="simple" />
            <root url="jar://$USER_HOME$/.jdks/azul-15.0.4/lib/src.zip!/jdk.internal.ed" type="simple" />
            <root url="jar://$USER_HOME$/.jdks/azul-15.0.4/lib/src.zip!/jdk.internal.le" type="simple" />
            <root url="jar://$USER_HOME$/.jdks/azul-15.0.4/lib/src.zip!/jdk.nio.mapmode" type="simple" />
            <root url="jar://$USER_HOME$/.jdks/azul-15.0.4/lib/src.zip!/jdk.unsupported" type="simple" />
            <root url="jar://$USER_HOME$/.jdks/azul-15.0.4/lib/src.zip!/java.smartcardio" type="simple" />
            <root url="jar://$USER_HOME$/.jdks/azul-15.0.4/lib/src.zip!/jdk.internal.opt" type="simple" />
            <root url="jar://$USER_HOME$/.jdks/azul-15.0.4/lib/src.zip!/java.datatransfer" type="simple" />
            <root url="jar://$USER_HOME$/.jdks/azul-15.0.4/lib/src.zip!/jdk.accessibility" type="simple" />
            <root url="jar://$USER_HOME$/.jdks/azul-15.0.4/lib/src.zip!/jdk.hotspot.agent" type="simple" />
            <root url="jar://$USER_HOME$/.jdks/azul-15.0.4/lib/src.zip!/jdk.security.auth" type="simple" />
            <root url="jar://$USER_HOME$/.jdks/azul-15.0.4/lib/src.zip!/jdk.security.jgss" type="simple" />
            <root url="jar://$USER_HOME$/.jdks/azul-15.0.4/lib/src.zip!/java.security.jgss" type="simple" />
            <root url="jar://$USER_HOME$/.jdks/azul-15.0.4/lib/src.zip!/java.security.sasl" type="simple" />
            <root url="jar://$USER_HOME$/.jdks/azul-15.0.4/lib/src.zip!/jdk.internal.vm.ci" type="simple" />
            <root url="jar://$USER_HOME$/.jdks/azul-15.0.4/lib/src.zip!/jdk.management.jfr" type="simple" />
            <root url="jar://$USER_HOME$/.jdks/azul-15.0.4/lib/src.zip!/java.management.rmi" type="simple" />
            <root url="jar://$USER_HOME$/.jdks/azul-15.0.4/lib/src.zip!/java.transaction.xa" type="simple" />
            <root url="jar://$USER_HOME$/.jdks/azul-15.0.4/lib/src.zip!/jdk.crypto.cryptoki" type="simple" />
            <root url="jar://$USER_HOME$/.jdks/azul-15.0.4/lib/src.zip!/jdk.internal.jvmstat" type="simple" />
            <root url="jar://$USER_HOME$/.jdks/azul-15.0.4/lib/src.zip!/jdk.management.agent" type="simple" />
            <root url="jar://$USER_HOME$/.jdks/azul-15.0.4/lib/src.zip!/jdk.incubator.foreign" type="simple" />
            <root url="jar://$USER_HOME$/.jdks/azul-15.0.4/lib/src.zip!/jdk.incubator.jpackage" type="simple" />
            <root url="jar://$USER_HOME$/.jdks/azul-15.0.4/lib/src.zip!/jdk.unsupported.desktop" type="simple" />
            <root url="jar://$USER_HOME$/.jdks/azul-15.0.4/lib/src.zip!/jdk.internal.vm.compiler" type="simple" />
            <root url="jar://$USER_HOME$/.jdks/azul-15.0.4/lib/src.zip!/jdk.internal.vm.compiler.management" type="simple" />
          </root>
        </sourcePath>
      </roots>
      <additional />
    </jdk>
    <jdk version="2">
      <name value="openjdk-15" />
      <type value="JavaSDK" />
      <version value="Azul Zulu Community™ version 15.0.4" />
      <homePath value="$USER_HOME$/.jdks/azul-15.0.4" />
      <roots>
        <annotationsPath>
          <root type="composite">
            <root url="jar://$APPLICATION_HOME_DIR$/plugins/java/lib/jdkAnnotations.jar!/" type="simple" />
          </root>
        </annotationsPath>
        <classPath>
          <root type="composite">
            <root url="jrt:///home/ivan/.jdks/azul-15.0.4!/java.base" type="simple" />
            <root url="jrt:///home/ivan/.jdks/azul-15.0.4!/java.compiler" type="simple" />
            <root url="jrt:///home/ivan/.jdks/azul-15.0.4!/java.datatransfer" type="simple" />
            <root url="jrt:///home/ivan/.jdks/azul-15.0.4!/java.desktop" type="simple" />
            <root url="jrt:///home/ivan/.jdks/azul-15.0.4!/java.instrument" type="simple" />
            <root url="jrt:///home/ivan/.jdks/azul-15.0.4!/java.logging" type="simple" />
            <root url="jrt:///home/ivan/.jdks/azul-15.0.4!/java.management" type="simple" />
            <root url="jrt:///home/ivan/.jdks/azul-15.0.4!/java.management.rmi" type="simple" />
            <root url="jrt:///home/ivan/.jdks/azul-15.0.4!/java.naming" type="simple" />
            <root url="jrt:///home/ivan/.jdks/azul-15.0.4!/java.net.http" type="simple" />
            <root url="jrt:///home/ivan/.jdks/azul-15.0.4!/java.prefs" type="simple" />
            <root url="jrt:///home/ivan/.jdks/azul-15.0.4!/java.rmi" type="simple" />
            <root url="jrt:///home/ivan/.jdks/azul-15.0.4!/java.scripting" type="simple" />
            <root url="jrt:///home/ivan/.jdks/azul-15.0.4!/java.se" type="simple" />
            <root url="jrt:///home/ivan/.jdks/azul-15.0.4!/java.security.jgss" type="simple" />
            <root url="jrt:///home/ivan/.jdks/azul-15.0.4!/java.security.sasl" type="simple" />
            <root url="jrt:///home/ivan/.jdks/azul-15.0.4!/java.smartcardio" type="simple" />
            <root url="jrt:///home/ivan/.jdks/azul-15.0.4!/java.sql" type="simple" />
            <root url="jrt:///home/ivan/.jdks/azul-15.0.4!/java.sql.rowset" type="simple" />
            <root url="jrt:///home/ivan/.jdks/azul-15.0.4!/java.transaction.xa" type="simple" />
            <root url="jrt:///home/ivan/.jdks/azul-15.0.4!/java.xml" type="simple" />
            <root url="jrt:///home/ivan/.jdks/azul-15.0.4!/java.xml.crypto" type="simple" />
            <root url="jrt:///home/ivan/.jdks/azul-15.0.4!/jdk.accessibility" type="simple" />
            <root url="jrt:///home/ivan/.jdks/azul-15.0.4!/jdk.aot" type="simple" />
            <root url="jrt:///home/ivan/.jdks/azul-15.0.4!/jdk.attach" type="simple" />
            <root url="jrt:///home/ivan/.jdks/azul-15.0.4!/jdk.charsets" type="simple" />
            <root url="jrt:///home/ivan/.jdks/azul-15.0.4!/jdk.compiler" type="simple" />
            <root url="jrt:///home/ivan/.jdks/azul-15.0.4!/jdk.crypto.cryptoki" type="simple" />
            <root url="jrt:///home/ivan/.jdks/azul-15.0.4!/jdk.crypto.ec" type="simple" />
            <root url="jrt:///home/ivan/.jdks/azul-15.0.4!/jdk.dynalink" type="simple" />
            <root url="jrt:///home/ivan/.jdks/azul-15.0.4!/jdk.editpad" type="simple" />
            <root url="jrt:///home/ivan/.jdks/azul-15.0.4!/jdk.hotspot.agent" type="simple" />
            <root url="jrt:///home/ivan/.jdks/azul-15.0.4!/jdk.httpserver" type="simple" />
            <root url="jrt:///home/ivan/.jdks/azul-15.0.4!/jdk.incubator.foreign" type="simple" />
            <root url="jrt:///home/ivan/.jdks/azul-15.0.4!/jdk.incubator.jpackage" type="simple" />
            <root url="jrt:///home/ivan/.jdks/azul-15.0.4!/jdk.internal.ed" type="simple" />
            <root url="jrt:///home/ivan/.jdks/azul-15.0.4!/jdk.internal.jvmstat" type="simple" />
            <root url="jrt:///home/ivan/.jdks/azul-15.0.4!/jdk.internal.le" type="simple" />
            <root url="jrt:///home/ivan/.jdks/azul-15.0.4!/jdk.internal.opt" type="simple" />
            <root url="jrt:///home/ivan/.jdks/azul-15.0.4!/jdk.internal.vm.ci" type="simple" />
            <root url="jrt:///home/ivan/.jdks/azul-15.0.4!/jdk.internal.vm.compiler" type="simple" />
            <root url="jrt:///home/ivan/.jdks/azul-15.0.4!/jdk.internal.vm.compiler.management" type="simple" />
            <root url="jrt:///home/ivan/.jdks/azul-15.0.4!/jdk.jartool" type="simple" />
            <root url="jrt:///home/ivan/.jdks/azul-15.0.4!/jdk.javadoc" type="simple" />
            <root url="jrt:///home/ivan/.jdks/azul-15.0.4!/jdk.jcmd" type="simple" />
            <root url="jrt:///home/ivan/.jdks/azul-15.0.4!/jdk.jconsole" type="simple" />
            <root url="jrt:///home/ivan/.jdks/azul-15.0.4!/jdk.jdeps" type="simple" />
            <root url="jrt:///home/ivan/.jdks/azul-15.0.4!/jdk.jdi" type="simple" />
            <root url="jrt:///home/ivan/.jdks/azul-15.0.4!/jdk.jdwp.agent" type="simple" />
            <root url="jrt:///home/ivan/.jdks/azul-15.0.4!/jdk.jfr" type="simple" />
            <root url="jrt:///home/ivan/.jdks/azul-15.0.4!/jdk.jlink" type="simple" />
            <root url="jrt:///home/ivan/.jdks/azul-15.0.4!/jdk.jshell" type="simple" />
            <root url="jrt:///home/ivan/.jdks/azul-15.0.4!/jdk.jsobject" type="simple" />
            <root url="jrt:///home/ivan/.jdks/azul-15.0.4!/jdk.jstatd" type="simple" />
            <root url="jrt:///home/ivan/.jdks/azul-15.0.4!/jdk.localedata" type="simple" />
            <root url="jrt:///home/ivan/.jdks/azul-15.0.4!/jdk.management" type="simple" />
            <root url="jrt:///home/ivan/.jdks/azul-15.0.4!/jdk.management.agent" type="simple" />
            <root url="jrt:///home/ivan/.jdks/azul-15.0.4!/jdk.management.jfr" type="simple" />
            <root url="jrt:///home/ivan/.jdks/azul-15.0.4!/jdk.naming.dns" type="simple" />
            <root url="jrt:///home/ivan/.jdks/azul-15.0.4!/jdk.naming.rmi" type="simple" />
            <root url="jrt:///home/ivan/.jdks/azul-15.0.4!/jdk.net" type="simple" />
            <root url="jrt:///home/ivan/.jdks/azul-15.0.4!/jdk.nio.mapmode" type="simple" />
            <root url="jrt:///home/ivan/.jdks/azul-15.0.4!/jdk.sctp" type="simple" />
            <root url="jrt:///home/ivan/.jdks/azul-15.0.4!/jdk.security.auth" type="simple" />
            <root url="jrt:///home/ivan/.jdks/azul-15.0.4!/jdk.security.jgss" type="simple" />
            <root url="jrt:///home/ivan/.jdks/azul-15.0.4!/jdk.unsupported" type="simple" />
            <root url="jrt:///home/ivan/.jdks/azul-15.0.4!/jdk.unsupported.desktop" type="simple" />
            <root url="jrt:///home/ivan/.jdks/azul-15.0.4!/jdk.xml.dom" type="simple" />
            <root url="jrt:///home/ivan/.jdks/azul-15.0.4!/jdk.zipfs" type="simple" />
          </root>
        </classPath>
        <javadocPath>
          <root type="composite" />
        </javadocPath>
        <sourcePath>
          <root type="composite">
            <root url="jar://$USER_HOME$/.jdks/azul-15.0.4/lib/src.zip!/java.se" type="simple" />
            <root url="jar://$USER_HOME$/.jdks/azul-15.0.4/lib/src.zip!/jdk.aot" type="simple" />
            <root url="jar://$USER_HOME$/.jdks/azul-15.0.4/lib/src.zip!/jdk.jdi" type="simple" />
            <root url="jar://$USER_HOME$/.jdks/azul-15.0.4/lib/src.zip!/jdk.jfr" type="simple" />
            <root url="jar://$USER_HOME$/.jdks/azul-15.0.4/lib/src.zip!/jdk.net" type="simple" />
            <root url="jar://$USER_HOME$/.jdks/azul-15.0.4/lib/src.zip!/java.rmi" type="simple" />
            <root url="jar://$USER_HOME$/.jdks/azul-15.0.4/lib/src.zip!/java.sql" type="simple" />
            <root url="jar://$USER_HOME$/.jdks/azul-15.0.4/lib/src.zip!/java.xml" type="simple" />
            <root url="jar://$USER_HOME$/.jdks/azul-15.0.4/lib/src.zip!/jdk.jcmd" type="simple" />
            <root url="jar://$USER_HOME$/.jdks/azul-15.0.4/lib/src.zip!/jdk.sctp" type="simple" />
            <root url="jar://$USER_HOME$/.jdks/azul-15.0.4/lib/src.zip!/java.base" type="simple" />
            <root url="jar://$USER_HOME$/.jdks/azul-15.0.4/lib/src.zip!/jdk.jdeps" type="simple" />
            <root url="jar://$USER_HOME$/.jdks/azul-15.0.4/lib/src.zip!/jdk.jlink" type="simple" />
            <root url="jar://$USER_HOME$/.jdks/azul-15.0.4/lib/src.zip!/jdk.zipfs" type="simple" />
            <root url="jar://$USER_HOME$/.jdks/azul-15.0.4/lib/src.zip!/java.prefs" type="simple" />
            <root url="jar://$USER_HOME$/.jdks/azul-15.0.4/lib/src.zip!/jdk.attach" type="simple" />
            <root url="jar://$USER_HOME$/.jdks/azul-15.0.4/lib/src.zip!/jdk.jshell" type="simple" />
            <root url="jar://$USER_HOME$/.jdks/azul-15.0.4/lib/src.zip!/jdk.jstatd" type="simple" />
            <root url="jar://$USER_HOME$/.jdks/azul-15.0.4/lib/src.zip!/java.naming" type="simple" />
            <root url="jar://$USER_HOME$/.jdks/azul-15.0.4/lib/src.zip!/jdk.editpad" type="simple" />
            <root url="jar://$USER_HOME$/.jdks/azul-15.0.4/lib/src.zip!/jdk.jartool" type="simple" />
            <root url="jar://$USER_HOME$/.jdks/azul-15.0.4/lib/src.zip!/jdk.javadoc" type="simple" />
            <root url="jar://$USER_HOME$/.jdks/azul-15.0.4/lib/src.zip!/jdk.xml.dom" type="simple" />
            <root url="jar://$USER_HOME$/.jdks/azul-15.0.4/lib/src.zip!/java.desktop" type="simple" />
            <root url="jar://$USER_HOME$/.jdks/azul-15.0.4/lib/src.zip!/java.logging" type="simple" />
            <root url="jar://$USER_HOME$/.jdks/azul-15.0.4/lib/src.zip!/jdk.charsets" type="simple" />
            <root url="jar://$USER_HOME$/.jdks/azul-15.0.4/lib/src.zip!/jdk.compiler" type="simple" />
            <root url="jar://$USER_HOME$/.jdks/azul-15.0.4/lib/src.zip!/jdk.dynalink" type="simple" />
            <root url="jar://$USER_HOME$/.jdks/azul-15.0.4/lib/src.zip!/jdk.jconsole" type="simple" />
            <root url="jar://$USER_HOME$/.jdks/azul-15.0.4/lib/src.zip!/jdk.jsobject" type="simple" />
            <root url="jar://$USER_HOME$/.jdks/azul-15.0.4/lib/src.zip!/java.compiler" type="simple" />
            <root url="jar://$USER_HOME$/.jdks/azul-15.0.4/lib/src.zip!/java.net.http" type="simple" />
            <root url="jar://$USER_HOME$/.jdks/azul-15.0.4/lib/src.zip!/jdk.crypto.ec" type="simple" />
            <root url="jar://$USER_HOME$/.jdks/azul-15.0.4/lib/src.zip!/java.scripting" type="simple" />
            <root url="jar://$USER_HOME$/.jdks/azul-15.0.4/lib/src.zip!/jdk.httpserver" type="simple" />
            <root url="jar://$USER_HOME$/.jdks/azul-15.0.4/lib/src.zip!/jdk.jdwp.agent" type="simple" />
            <root url="jar://$USER_HOME$/.jdks/azul-15.0.4/lib/src.zip!/jdk.localedata" type="simple" />
            <root url="jar://$USER_HOME$/.jdks/azul-15.0.4/lib/src.zip!/jdk.management" type="simple" />
            <root url="jar://$USER_HOME$/.jdks/azul-15.0.4/lib/src.zip!/jdk.naming.dns" type="simple" />
            <root url="jar://$USER_HOME$/.jdks/azul-15.0.4/lib/src.zip!/jdk.naming.rmi" type="simple" />
            <root url="jar://$USER_HOME$/.jdks/azul-15.0.4/lib/src.zip!/java.instrument" type="simple" />
            <root url="jar://$USER_HOME$/.jdks/azul-15.0.4/lib/src.zip!/java.management" type="simple" />
            <root url="jar://$USER_HOME$/.jdks/azul-15.0.4/lib/src.zip!/java.sql.rowset" type="simple" />
            <root url="jar://$USER_HOME$/.jdks/azul-15.0.4/lib/src.zip!/java.xml.crypto" type="simple" />
            <root url="jar://$USER_HOME$/.jdks/azul-15.0.4/lib/src.zip!/jdk.internal.ed" type="simple" />
            <root url="jar://$USER_HOME$/.jdks/azul-15.0.4/lib/src.zip!/jdk.internal.le" type="simple" />
            <root url="jar://$USER_HOME$/.jdks/azul-15.0.4/lib/src.zip!/jdk.nio.mapmode" type="simple" />
            <root url="jar://$USER_HOME$/.jdks/azul-15.0.4/lib/src.zip!/jdk.unsupported" type="simple" />
            <root url="jar://$USER_HOME$/.jdks/azul-15.0.4/lib/src.zip!/java.smartcardio" type="simple" />
            <root url="jar://$USER_HOME$/.jdks/azul-15.0.4/lib/src.zip!/jdk.internal.opt" type="simple" />
            <root url="jar://$USER_HOME$/.jdks/azul-15.0.4/lib/src.zip!/java.datatransfer" type="simple" />
            <root url="jar://$USER_HOME$/.jdks/azul-15.0.4/lib/src.zip!/jdk.accessibility" type="simple" />
            <root url="jar://$USER_HOME$/.jdks/azul-15.0.4/lib/src.zip!/jdk.hotspot.agent" type="simple" />
            <root url="jar://$USER_HOME$/.jdks/azul-15.0.4/lib/src.zip!/jdk.security.auth" type="simple" />
            <root url="jar://$USER_HOME$/.jdks/azul-15.0.4/lib/src.zip!/jdk.security.jgss" type="simple" />
            <root url="jar://$USER_HOME$/.jdks/azul-15.0.4/lib/src.zip!/java.security.jgss" type="simple" />
            <root url="jar://$USER_HOME$/.jdks/azul-15.0.4/lib/src.zip!/java.security.sasl" type="simple" />
            <root url="jar://$USER_HOME$/.jdks/azul-15.0.4/lib/src.zip!/jdk.internal.vm.ci" type="simple" />
            <root url="jar://$USER_HOME$/.jdks/azul-15.0.4/lib/src.zip!/jdk.management.jfr" type="simple" />
            <root url="jar://$USER_HOME$/.jdks/azul-15.0.4/lib/src.zip!/java.management.rmi" type="simple" />
            <root url="jar://$USER_HOME$/.jdks/azul-15.0.4/lib/src.zip!/java.transaction.xa" type="simple" />
            <root url="jar://$USER_HOME$/.jdks/azul-15.0.4/lib/src.zip!/jdk.crypto.cryptoki" type="simple" />
            <root url="jar://$USER_HOME$/.jdks/azul-15.0.4/lib/src.zip!/jdk.internal.jvmstat" type="simple" />
            <root url="jar://$USER_HOME$/.jdks/azul-15.0.4/lib/src.zip!/jdk.management.agent" type="simple" />
            <root url="jar://$USER_HOME$/.jdks/azul-15.0.4/lib/src.zip!/jdk.incubator.foreign" type="simple" />
            <root url="jar://$USER_HOME$/.jdks/azul-15.0.4/lib/src.zip!/jdk.incubator.jpackage" type="simple" />
            <root url="jar://$USER_HOME$/.jdks/azul-15.0.4/lib/src.zip!/jdk.unsupported.desktop" type="simple" />
            <root url="jar://$USER_HOME$/.jdks/azul-15.0.4/lib/src.zip!/jdk.internal.vm.compiler" type="simple" />
            <root url="jar://$USER_HOME$/.jdks/azul-15.0.4/lib/src.zip!/jdk.internal.vm.compiler.management" type="simple" />
          </root>
        </sourcePath>
      </roots>
      <additional />
    </jdk>
    <jdk version="2">
      <name value="1.8 (2)" />
      <type value="JavaSDK" />
      <version value="version 1.8.0_272" />
      <homePath value="$USER_HOME$/.sdkman/candidates/java/current" />
      <roots>
        <annotationsPath>
          <root type="composite">
            <root url="jar://$APPLICATION_HOME_DIR$/plugins/java/lib/jdkAnnotations.jar!/" type="simple" />
          </root>
        </annotationsPath>
        <classPath>
          <root type="composite">
            <root url="jar://$USER_HOME$/.sdkman/candidates/java/current/jre/lib/charsets.jar!/" type="simple" />
            <root url="jar://$USER_HOME$/.sdkman/candidates/java/current/jre/lib/ext/cldrdata.jar!/" type="simple" />
            <root url="jar://$USER_HOME$/.sdkman/candidates/java/current/jre/lib/ext/dnsns.jar!/" type="simple" />
            <root url="jar://$USER_HOME$/.sdkman/candidates/java/current/jre/lib/ext/jaccess.jar!/" type="simple" />
            <root url="jar://$USER_HOME$/.sdkman/candidates/java/current/jre/lib/ext/legacy8ujsse.jar!/" type="simple" />
            <root url="jar://$USER_HOME$/.sdkman/candidates/java/current/jre/lib/ext/localedata.jar!/" type="simple" />
            <root url="jar://$USER_HOME$/.sdkman/candidates/java/current/jre/lib/ext/nashorn.jar!/" type="simple" />
            <root url="jar://$USER_HOME$/.sdkman/candidates/java/current/jre/lib/ext/openjsse.jar!/" type="simple" />
            <root url="jar://$USER_HOME$/.sdkman/candidates/java/current/jre/lib/ext/sunec.jar!/" type="simple" />
            <root url="jar://$USER_HOME$/.sdkman/candidates/java/current/jre/lib/ext/sunjce_provider.jar!/" type="simple" />
            <root url="jar://$USER_HOME$/.sdkman/candidates/java/current/jre/lib/ext/sunpkcs11.jar!/" type="simple" />
            <root url="jar://$USER_HOME$/.sdkman/candidates/java/current/jre/lib/ext/zipfs.jar!/" type="simple" />
            <root url="jar://$USER_HOME$/.sdkman/candidates/java/current/jre/lib/jce.jar!/" type="simple" />
            <root url="jar://$USER_HOME$/.sdkman/candidates/java/current/jre/lib/jfr.jar!/" type="simple" />
            <root url="jar://$USER_HOME$/.sdkman/candidates/java/current/jre/lib/jsse.jar!/" type="simple" />
            <root url="jar://$USER_HOME$/.sdkman/candidates/java/current/jre/lib/management-agent.jar!/" type="simple" />
            <root url="jar://$USER_HOME$/.sdkman/candidates/java/current/jre/lib/resources.jar!/" type="simple" />
            <root url="jar://$USER_HOME$/.sdkman/candidates/java/current/jre/lib/rt.jar!/" type="simple" />
          </root>
        </classPath>
        <javadocPath>
          <root type="composite" />
        </javadocPath>
        <sourcePath>
          <root type="composite">
            <root url="jar://$USER_HOME$/.sdkman/candidates/java/current/src.zip!/" type="simple" />
          </root>
        </sourcePath>
      </roots>
      <additional />
    </jdk>
  </component>
</application>