<application>
  <component name="DependencyUISettings">
    <option name="UI_FLATTEN_PACKAGES" value="false" />
    <option name="UI_SHOW_MODULES" value="false" />
  </component>
  <component name="UISettings">
    <option name="EDITOR_TAB_PLACEMENT" value="0" />
    <option name="HIDE_TABS_IF_NEED" value="false" />
    <option name="MAX_LOOKUP_WIDTH2" value="1077" />
    <option name="PRESENTATION_MODE_FONT_SIZE" value="26" />
    <option name="SHOW_INPLACE_COMMENTS" value="true" />
  </component>
</application>