<application>
  <component name="VimEditorSettings">
    <editor />
  </component>
  <component name="VimHistorySettings">
    <history>
      <history-search>
        <entry>location</entry>
        <entry>map</entry>
        <entry>mapAction</entry>
        <entry>skillsId</entry>
        <entry>belongsTo</entry>
        <entry>lider</entry>
        <entry>tipo</entry>
        <entry>productiva</entry>
        <entry>planta</entry>
        <entry>Planta</entry>
        <entry>subtotales</entry>
        <entry>parent</entry>
        <entry>framework</entry>
        <entry>skip</entry>
        <entry>test</entry>
        <entry>site</entry>
        <entry>runrun3backend.service</entry>
        <entry>template</entry>
        <entry>ldap</entry>
        <entry>setSubject</entry>
      </history-search>
      <history-cmd>
        <entry>ew</entry>
        <entry>lk</entry>
        <entry>jkjlk</entry>
        <entry>set norelative number</entry>
        <entry>qw</entry>
        <entry>W</entry>
        <entry>ws</entry>
        <entry>q!</entry>
        <entry encoding="base64">JzwsJz53</entry>
        <entry>Q</entry>
        <entry>wj</entry>
        <entry>Lw:w</entry>
        <entry>&quot;w</entry>
        <entry encoding="base64">JzwsJz5x</entry>
        <entry>wq</entry>
        <entry>ww</entry>
        <entry>w</entry>
        <entry>q</entry>
      </history-cmd>
      <history-expr />
      <history-input />
    </history>
  </component>
  <component name="VimKeySettings">
    <shortcut-conflicts>
      <shortcut-conflict owner="vim">
        <text>ctrl pressed E</text>
      </shortcut-conflict>
      <shortcut-conflict owner="vim">
        <text>ctrl pressed K</text>
      </shortcut-conflict>
      <shortcut-conflict owner="vim">
        <text>ctrl pressed D</text>
      </shortcut-conflict>
      <shortcut-conflict owner="vim">
        <text>ctrl pressed U</text>
      </shortcut-conflict>
      <shortcut-conflict owner="vim">
        <text>ctrl pressed Y</text>
      </shortcut-conflict>
      <shortcut-conflict owner="vim">
        <text>ctrl pressed J</text>
      </shortcut-conflict>
      <shortcut-conflict owner="vim">
        <text>ctrl pressed S</text>
      </shortcut-conflict>
      <shortcut-conflict owner="vim">
        <text>ctrl pressed R</text>
      </shortcut-conflict>
      <shortcut-conflict owner="vim">
        <text>ctrl pressed B</text>
      </shortcut-conflict>
      <shortcut-conflict owner="vim">
        <text>ctrl pressed X</text>
      </shortcut-conflict>
      <shortcut-conflict owner="vim">
        <text>ctrl pressed V</text>
      </shortcut-conflict>
      <shortcut-conflict owner="vim">
        <text>ctrl pressed W</text>
      </shortcut-conflict>
      <shortcut-conflict owner="vim">
        <text>ctrl pressed P</text>
      </shortcut-conflict>
      <shortcut-conflict owner="vim">
        <text>ctrl pressed T</text>
      </shortcut-conflict>
      <shortcut-conflict owner="vim">
        <text>ctrl pressed C</text>
      </shortcut-conflict>
      <shortcut-conflict owner="vim">
        <text>ctrl pressed F</text>
      </shortcut-conflict>
      <shortcut-conflict owner="vim">
        <text>shift ctrl pressed 2</text>
      </shortcut-conflict>
      <shortcut-conflict owner="vim">
        <text>ctrl pressed H</text>
      </shortcut-conflict>
      <shortcut-conflict owner="vim">
        <text>ctrl pressed 2</text>
      </shortcut-conflict>
      <shortcut-conflict owner="vim">
        <text>ctrl pressed A</text>
      </shortcut-conflict>
      <shortcut-conflict owner="vim">
        <text>ctrl pressed L</text>
      </shortcut-conflict>
      <shortcut-conflict owner="vim">
        <text>ctrl pressed N</text>
      </shortcut-conflict>
      <shortcut-conflict owner="vim">
        <text>ctrl pressed M</text>
      </shortcut-conflict>
      <shortcut-conflict owner="vim">
        <text>ctrl pressed OPEN_BRACKET</text>
      </shortcut-conflict>
      <shortcut-conflict owner="vim">
        <text>ctrl pressed G</text>
      </shortcut-conflict>
      <shortcut-conflict owner="vim">
        <text>ctrl pressed O</text>
      </shortcut-conflict>
      <shortcut-conflict owner="vim">
        <text>ctrl pressed Q</text>
      </shortcut-conflict>
    </shortcut-conflicts>
  </component>
  <component name="VimMarksSettings">
    <globalmarks />
    <filemarks>
      <file name="$USER_HOME$/Work/Projects/runrun3-backend/docker-compose.yaml" timestamp="1604494192194">
        <mark key="[" line="97" column="3" />
        <mark key="]" line="97" column="3" />
        <mark key="." line="97" column="3" />
        <mark key="^" line="97" column="5" />
      </file>
      <file name="$USER_HOME$/Work/Projects/runrun3-backend/docker/properties/runrun3backend-datasource.properties" timestamp="1604493507092">
        <mark key="[" line="4" column="23" />
        <mark key="]" line="4" column="32" />
        <mark key="." line="4" column="31" />
        <mark key="^" line="4" column="32" />
      </file>
      <file name="$USER_HOME$/Work/Projects/runrun3-backend/src/main/java/ar/com/fluxit/web/filters/TokenSecurityFilter.java" timestamp="1605100036180">
        <mark key="[" line="99" column="53" />
        <mark key="]" line="99" column="54" />
        <mark key="^" line="99" column="54" />
        <mark key="." line="99" column="53" />
      </file>
      <file name="$MAVEN_REPOSITORY$/io/jsonwebtoken/jjwt/0.4/jjwt-0.4-sources.jar!/io/jsonwebtoken/impl/DefaultJwtBuilder.java" timestamp="1604502074443">
        <mark key="'" line="44" column="19" />
      </file>
      <file name="$APPLICATION_CONFIG_DIR$/idea64.vmoptions" timestamp="1605138496361">
        <mark key="[" line="18" column="0" />
        <mark key="]" line="18" column="71" />
      </file>
      <file name="/a.dummy" timestamp="1604492333030">
        <mark key="[" line="0" column="0" />
      </file>
      <file name="$USER_HOME$/Work/Projects/runrun3-backend/src/main/resources/properties/runrun3backend-general.properties" timestamp="1604433089346">
        <mark key="'" line="1" column="0" />
        <mark key="]" line="68" column="51" />
      </file>
      <file name="$USER_HOME$/Work/Projects/runrun3-backend/src/main/java/ar/com/fluxit/dto/UserDTO.java" timestamp="1604491605704">
        <mark key="[" line="19" column="4" />
        <mark key="]" line="19" column="11" />
        <mark key="." line="19" column="10" />
        <mark key="^" line="19" column="11" />
      </file>
      <file name="$USER_HOME$/Work/Projects/runrun3-backend/src/main/java/exceptions/RunRunException.java" timestamp="1604418778930">
        <mark key="[" line="4" column="37" />
        <mark key="]" line="4" column="47" />
        <mark key="." line="4" column="46" />
        <mark key="^" line="4" column="47" />
      </file>
      <file name="$USER_HOME$/Work/Projects/runrun3-backend/src/main/java/ar/com/fluxit/runrun3backend/service/impl/PostServiceImpl.java" timestamp="1604433349765">
        <mark key="'" line="67" column="13" />
      </file>
      <file name="$USER_HOME$/Work/Projects/runrun3-backend/src/main/java/ar/com/fluxit/rs/service/impl/RSAuthServiceImpl.java" timestamp="1604491739341">
        <mark key="[" line="33" column="0" />
        <mark key="]" line="33" column="90" />
        <mark key="." line="70" column="84" />
        <mark key="^" line="70" column="85" />
      </file>
      <file name="$USER_HOME$/Work/Projects/runrun3-backend/docker/properties/runrun3backend-general.properties" timestamp="1604433142342">
        <mark key="'" line="80" column="12" />
        <mark key="[" line="79" column="0" />
        <mark key="]" line="84" column="50" />
        <mark key="." line="84" column="0" />
        <mark key="^" line="84" column="1" />
      </file>
      <file name="$USER_HOME$/Work/Projects/runrun3-backend/src/main/java/ar/com/fluxit/web/util/CustomTokenHandler.java" timestamp="1604502677050">
        <mark key="[" line="66" column="0" />
        <mark key="]" line="66" column="0" />
        <mark key="." line="66" column="0" />
      </file>
      <file name="$USER_HOME$/Work/Projects/runrun3-backend/pom.xml" timestamp="1604418500946">
        <mark key="'" line="355" column="19" />
      </file>
      <file name="/fragment.java" timestamp="1604418898267">
        <mark key="[" line="0" column="0" />
      </file>
    </filemarks>
    <jumps>
      <jump line="686" column="20" filename="$USER_HOME$/Work/Projects/silos-pm-backoffice/web-app/js/events/silos-events.js" />
      <jump line="653" column="6" filename="$USER_HOME$/Work/Projects/silos-pm-backoffice/web-app/js/events/silos-events.js" />
      <jump line="625" column="6" filename="$USER_HOME$/Work/Projects/silos-pm-backoffice/web-app/js/events/silos-events.js" />
      <jump line="533" column="4" filename="$USER_HOME$/Work/Projects/silos-pm-backoffice/web-app/js/events/silos-events.js" />
      <jump line="480" column="8" filename="$USER_HOME$/Work/Projects/silos-pm-backoffice/web-app/js/events/silos-events.js" />
      <jump line="443" column="6" filename="$USER_HOME$/Work/Projects/silos-pm-backoffice/web-app/js/events/silos-events.js" />
      <jump line="388" column="6" filename="$USER_HOME$/Work/Projects/silos-pm-backoffice/web-app/js/events/silos-events.js" />
      <jump line="383" column="8" filename="$USER_HOME$/Work/Projects/silos-pm-backoffice/web-app/js/events/silos-events.js" />
      <jump line="353" column="6" filename="$USER_HOME$/Work/Projects/silos-pm-backoffice/web-app/js/events/silos-events.js" />
      <jump line="334" column="6" filename="$USER_HOME$/Work/Projects/silos-pm-backoffice/web-app/js/events/silos-events.js" />
      <jump line="305" column="8" filename="$USER_HOME$/Work/Projects/silos-pm-backoffice/web-app/js/events/silos-events.js" />
      <jump line="262" column="12" filename="$USER_HOME$/Work/Projects/silos-pm-backoffice/web-app/js/events/silos-events.js" />
      <jump line="252" column="12" filename="$USER_HOME$/Work/Projects/silos-pm-backoffice/web-app/js/events/silos-events.js" />
      <jump line="227" column="14" filename="$USER_HOME$/Work/Projects/silos-pm-backoffice/web-app/js/events/silos-events.js" />
      <jump line="205" column="10" filename="$USER_HOME$/Work/Projects/silos-pm-backoffice/web-app/js/events/silos-events.js" />
      <jump line="193" column="12" filename="$USER_HOME$/Work/Projects/silos-pm-backoffice/web-app/js/events/silos-events.js" />
      <jump line="185" column="12" filename="$USER_HOME$/Work/Projects/silos-pm-backoffice/web-app/js/events/silos-events.js" />
      <jump line="181" column="12" filename="$USER_HOME$/Work/Projects/silos-pm-backoffice/web-app/js/events/silos-events.js" />
      <jump line="174" column="12" filename="$USER_HOME$/Work/Projects/silos-pm-backoffice/web-app/js/events/silos-events.js" />
      <jump line="169" column="12" filename="$USER_HOME$/Work/Projects/silos-pm-backoffice/web-app/js/events/silos-events.js" />
      <jump line="163" column="12" filename="$USER_HOME$/Work/Projects/silos-pm-backoffice/web-app/js/events/silos-events.js" />
      <jump line="154" column="12" filename="$USER_HOME$/Work/Projects/silos-pm-backoffice/web-app/js/events/silos-events.js" />
      <jump line="144" column="12" filename="$USER_HOME$/Work/Projects/silos-pm-backoffice/web-app/js/events/silos-events.js" />
      <jump line="136" column="12" filename="$USER_HOME$/Work/Projects/silos-pm-backoffice/web-app/js/events/silos-events.js" />
      <jump line="127" column="16" filename="$USER_HOME$/Work/Projects/silos-pm-backoffice/web-app/js/events/silos-events.js" />
      <jump line="116" column="16" filename="$USER_HOME$/Work/Projects/silos-pm-backoffice/web-app/js/events/silos-events.js" />
      <jump line="94" column="16" filename="$USER_HOME$/Work/Projects/silos-pm-backoffice/web-app/js/events/silos-events.js" />
      <jump line="83" column="16" filename="$USER_HOME$/Work/Projects/silos-pm-backoffice/web-app/js/events/silos-events.js" />
      <jump line="68" column="16" filename="$USER_HOME$/Work/Projects/silos-pm-backoffice/web-app/js/events/silos-events.js" />
      <jump line="38" column="6" filename="$USER_HOME$/Work/Projects/silos-pm-backoffice/web-app/js/events/silos-events.js" />
      <jump line="32" column="6" filename="$USER_HOME$/Work/Projects/silos-pm-backoffice/web-app/js/events/silos-events.js" />
      <jump line="28" column="6" filename="$USER_HOME$/Work/Projects/silos-pm-backoffice/web-app/js/events/silos-events.js" />
      <jump line="24" column="6" filename="$USER_HOME$/Work/Projects/silos-pm-backoffice/web-app/js/events/silos-events.js" />
      <jump line="16" column="8" filename="$USER_HOME$/Work/Projects/silos-pm-backoffice/web-app/js/events/silos-events.js" />
      <jump line="3345" column="8" filename="$USER_HOME$/Work/Projects/silos-pm-backoffice/web-app/js/events/silos-events.js" />
      <jump line="13" column="0" filename="$USER_HOME$/Work/Projects/silos-pm-backoffice/web-app/js/events/silos-events.js" />
      <jump line="186" column="22" filename="$USER_HOME$/Work/Projects/silos-pm-backoffice/web-app/js/events/silos-events.js" />
      <jump line="3133" column="14" filename="$USER_HOME$/Work/Projects/silos-pm-backoffice/web-app/js/events/silos-events.js" />
      <jump line="2439" column="14" filename="$USER_HOME$/Work/Projects/silos-pm-backoffice/web-app/js/events/silos-events.js" />
      <jump line="2226" column="39" filename="$USER_HOME$/Work/Projects/silos-pm-backoffice/web-app/js/events/silos-events.js" />
      <jump line="2219" column="23" filename="$USER_HOME$/Work/Projects/silos-pm-backoffice/web-app/js/events/silos-events.js" />
      <jump line="2218" column="36" filename="$USER_HOME$/Work/Projects/silos-pm-backoffice/web-app/js/events/silos-events.js" />
      <jump line="2198" column="32" filename="$USER_HOME$/Work/Projects/silos-pm-backoffice/web-app/js/events/silos-events.js" />
      <jump line="2105" column="42" filename="$USER_HOME$/Work/Projects/silos-pm-backoffice/web-app/js/events/silos-events.js" />
      <jump line="2068" column="53" filename="$USER_HOME$/Work/Projects/silos-pm-backoffice/web-app/js/events/silos-events.js" />
      <jump line="2067" column="50" filename="$USER_HOME$/Work/Projects/silos-pm-backoffice/web-app/js/events/silos-events.js" />
      <jump line="2064" column="52" filename="$USER_HOME$/Work/Projects/silos-pm-backoffice/web-app/js/events/silos-events.js" />
      <jump line="2036" column="49" filename="$USER_HOME$/Work/Projects/silos-pm-backoffice/web-app/js/events/silos-events.js" />
      <jump line="2035" column="44" filename="$USER_HOME$/Work/Projects/silos-pm-backoffice/web-app/js/events/silos-events.js" />
      <jump line="2033" column="48" filename="$USER_HOME$/Work/Projects/silos-pm-backoffice/web-app/js/events/silos-events.js" />
      <jump line="2032" column="45" filename="$USER_HOME$/Work/Projects/silos-pm-backoffice/web-app/js/events/silos-events.js" />
      <jump line="479" column="37" filename="$USER_HOME$/Work/Projects/silos-pm-backoffice/web-app/js/events/silos-events.js" />
      <jump line="288" column="35" filename="$USER_HOME$/Work/Projects/silos-pm-backoffice/web-app/js/events/silos-events.js" />
      <jump line="10" column="0" filename="$USER_HOME$/Work/Projects/silos-pm-backoffice/grails-app/services/com/silospm/backend/external/ErpService.groovy" />
      <jump line="141" column="93" filename="$USER_HOME$/Work/Projects/silos-pm-backoffice/web-app/js/templates/dashboard/dashboard-tpl.handlebars" />
      <jump line="123" column="50" filename="$USER_HOME$/Work/Projects/silos-pm-backoffice/grails-app/controllers/silospm/MapaController.groovy" />
      <jump line="134" column="64" filename="$USER_HOME$/Work/Projects/silos-pm-backoffice/grails-app/controllers/silospm/MapaController.groovy" />
      <jump line="212" column="50" filename="$USER_HOME$/Work/Projects/silos-pm-backoffice/grails-app/controllers/silospm/MapaController.groovy" />
      <jump line="24" column="50" filename="$USER_HOME$/Work/Projects/silos-pm-backoffice/grails-app/controllers/silospm/MapaController.groovy" />
      <jump line="126" column="20" filename="$USER_HOME$/Work/Projects/silos-pm-backoffice/web-app/js/templates/dashboard/assignmap-tpl.handlebars" />
      <jump line="215" column="17" filename="$USER_HOME$/Work/Projects/silos-pm-backoffice/web-app/js/templates/dashboard/assignmap-tpl.handlebars" />
      <jump line="60" column="86" filename="$USER_HOME$/Work/Projects/silos-pm-backoffice/web-app/js/templates/dashboard/assignmap-tpl.handlebars" />
      <jump line="34" column="40" filename="$USER_HOME$/Work/Projects/silos-pm-backoffice/grails-app/resources/com/silospm/common/MapaAsignacionResource.groovy" />
      <jump line="33" column="20" filename="$USER_HOME$/Work/Projects/silos-pm-backoffice/grails-app/resources/com/silospm/common/MapaAsignacionResource.groovy" />
      <jump line="47" column="38" filename="$USER_HOME$/Work/Projects/silos-pm-backoffice/web-app/js/controllers/DashboardController.js" />
      <jump line="589" column="16" filename="$USER_HOME$/Work/Projects/silos-pm-backoffice/web-app/js/controllers/DashboardController.js" />
      <jump line="267" column="11" filename="$USER_HOME$/Work/Projects/silos-pm-backoffice/grails-app/services/com/silospm/backend/reportes/MapaDeAsignacionesService.groovy" />
      <jump line="155" column="49" filename="$USER_HOME$/Work/Projects/silos-pm-backoffice/web-app/js/templates/dashboard/assignmap-tpl.handlebars" />
      <jump line="132" column="40" filename="$USER_HOME$/Work/Projects/silos-pm-backoffice/grails-app/controllers/silospm/MapaController.groovy" />
      <jump line="240" column="8" filename="$USER_HOME$/Work/Projects/silos-pm-backoffice/grails-app/controllers/silospm/MapaController.groovy" />
      <jump line="218" column="84" filename="$USER_HOME$/Work/Projects/silos-pm-backoffice/grails-app/controllers/silospm/MapaController.groovy" />
      <jump line="244" column="8" filename="$USER_HOME$/Work/Projects/silos-pm-backoffice/grails-app/controllers/silospm/MapaController.groovy" />
      <jump line="197" column="20" filename="$USER_HOME$/Work/Projects/silos-pm-backoffice/grails-app/controllers/silospm/MapaController.groovy" />
      <jump line="8" column="34" filename="$USER_HOME$/Work/Projects/silos-pm-backoffice/grails-app/domain/com/silospm/common/FechaDeFacturacion.groovy" />
      <jump line="350" column="40" filename="$USER_HOME$/Work/Projects/silos-pm-backoffice/grails-app/services/com/silospm/backend/EquipoService.groovy" />
      <jump line="360" column="29" filename="$USER_HOME$/Work/Projects/silos-pm-backoffice/grails-app/services/com/silospm/backend/EquipoService.groovy" />
      <jump line="367" column="18" filename="$USER_HOME$/Work/Projects/silos-pm-backoffice/grails-app/services/com/silospm/backend/EquipoService.groovy" />
      <jump line="370" column="14" filename="$USER_HOME$/Work/Projects/silos-pm-backoffice/grails-app/services/com/silospm/backend/EquipoService.groovy" />
      <jump line="12" column="0" filename="$USER_HOME$/Work/Projects/silos-pm-backoffice/grails-app/domain/com/silospm/common/Asignacion.groovy" />
      <jump line="213" column="49" filename="$USER_HOME$/Work/Projects/silos-pm-backoffice/grails-app/views/backoffice/_resultadoRentabilidad.gsp" />
      <jump line="299" column="62" filename="$USER_HOME$/Work/Projects/silos-pm-backoffice/grails-app/views/backoffice/_resultadoRentabilidad.gsp" />
      <jump line="244" column="0" filename="$USER_HOME$/Work/Projects/silos-pm-backoffice/grails-app/views/backoffice/_resultadoRentabilidad.gsp" />
      <jump line="301" column="80" filename="$USER_HOME$/Work/Projects/silos-pm-backoffice/grails-app/views/backoffice/_resultadoRentabilidad.gsp" />
      <jump line="31" column="43" filename="$USER_HOME$/Work/Projects/silos-pm-backoffice/grails-app/views/backoffice/_asignacion.gsp" />
      <jump line="67" column="26" filename="$USER_HOME$/Work/Projects/silos-pm-backoffice/grails-app/views/backoffice/_asignacion.gsp" />
      <jump line="12" column="37" filename="$USER_HOME$/Work/Projects/runrun3-backend/pom.xml" />
      <jump line="8" column="6" filename="$USER_HOME$/Work/Projects/runrun3-backend/pom.xml" />
      <jump line="4" column="5" filename="$USER_HOME$/Work/Projects/runrun3-backend/pom.xml" />
      <jump line="27" column="61" filename="$USER_HOME$/Work/Projects/runrun3-backend/pom.xml" />
      <jump line="158" column="57" filename="$USER_HOME$/Work/Projects/runrun3-backend/pom.xml" />
      <jump line="348" column="19" filename="$USER_HOME$/Work/Projects/runrun3-backend/pom.xml" />
      <jump line="355" column="19" filename="$USER_HOME$/Work/Projects/runrun3-backend/pom.xml" />
      <jump line="1" column="0" filename="$USER_HOME$/Work/Projects/runrun3-backend/src/main/resources/properties/runrun3backend-general.properties" />
      <jump line="80" column="12" filename="$USER_HOME$/Work/Projects/runrun3-backend/docker/properties/runrun3backend-general.properties" />
      <jump line="4" column="0" filename="$USER_HOME$/Work/Projects/runrun3-backend/src/main/resources/ctx/spring/services/runrun3backend-services-spring.xml" />
      <jump line="15" column="64" filename="$USER_HOME$/Work/Projects/runrun3-backend/src/main/resources/ctx/spring/services/runrun3backend-services-spring.xml" />
      <jump line="18" column="43" filename="$USER_HOME$/Work/Projects/runrun3-backend/src/main/resources/ctx/spring/services/runrun3backend-services-spring.xml" />
      <jump line="19" column="42" filename="$USER_HOME$/Work/Projects/runrun3-backend/src/main/resources/ctx/spring/services/runrun3backend-services-spring.xml" />
      <jump line="67" column="13" filename="$USER_HOME$/Work/Projects/runrun3-backend/src/main/java/ar/com/fluxit/runrun3backend/service/impl/PostServiceImpl.java" />
      <jump line="44" column="19" filename="$MAVEN_REPOSITORY$/io/jsonwebtoken/jjwt/0.4/jjwt-0.4-sources.jar!/io/jsonwebtoken/impl/DefaultJwtBuilder.java" />
    </jumps>
  </component>
  <component name="VimRegisterSettings">
    <registers>
      <register name="&quot;" type="4">
        <text encoding="base64">CQkJCQk=</text>
      </register>
      <register name="+" type="4">
        <text>-javaagent:/home/ivan/.jetbrains/jetbrains-agent-v3.1.3.0cd4.033=offline</text>
      </register>
      <register name="-" type="4">
        <text>.replace(&quot;\&quot;&quot;, &quot;&quot;);</text>
      </register>
      <register name="/" type="4">
        <text>setSubject</text>
      </register>
      <register name="0" type="4">
        <text>-javaagent:/home/ivan/.jetbrains/jetbrains-agent-v3.1.3.0cd4.033=offline</text>
      </register>
      <register name="1" type="2">
        <text encoding="base64">CQkvL1RPRE86IGVsaW1pbmFyIGx1ZWdvIGRlIAo=</text>
      </register>
      <register name="q" type="4">
        <text />
      </register>
      <register name="2" type="2">
        <text encoding="base64">Ly8JCQkJLnNldFN1YmplY3QoanNvblVzZXJEVE8pCg==</text>
      </register>
      <register name="3" type="2">
        <text encoding="base64">CQlTdHJpbmcganNvblVzZXJEVE8gPSBqOwo=</text>
      </register>
      <register name="4" type="2">
        <text encoding="base64">CQkJCS5zZXRTdWJqZWN0KGpzb25Vc2VyRFRPKQo=</text>
      </register>
      <register name="5" type="2">
        <text encoding="base64">CQlqc29uVXNlckRUTyA9ICIiOwo=</text>
      </register>
      <register name="6" type="2">
        <text encoding="base64">CUxvZ2dlcgo=</text>
      </register>
      <register name="7" type="2">
        <text encoding="base64">CQkJCg==</text>
      </register>
      <register name="8" type="2">
        <text encoding="base64">CQlTdHJpbmcganNvblVzZXJEVE8gPSBSU1NlcnZpY2VVdGlsLmdldEpzb25Gcm9tT2JqZWN0KHVzZXJEVE8pOwo=</text>
      </register>
      <register name="9" type="2">
        <text encoding="base64">CQkvLyBBcm1hbW9zIGxhIGluZm8gcGFyYSBhbG1hY2VuYXIgZW4gZWwgdG9rZW4K</text>
      </register>
      <register name=":" type="4">
        <text>q</text>
      </register>
    </registers>
  </component>
  <component name="VimSearchSettings">
    <search>
      <last-search>setSubject</last-search>
      <last-offset />
      <last-pattern>setSubject</last-pattern>
      <last-replace>~</last-replace>
      <last-substitute>newProfile</last-substitute>
      <last-dir>1</last-dir>
      <show-last>false</show-last>
    </search>
  </component>
  <component name="VimSettings">
    <state version="6" enabled="true" />
    <notifications>
      <idea-join enabled="true" />
      <idea-put enabled="true" />
    </notifications>
  </component>
</application>