<application>
  <component name="VimEditorSettings">
    <editor />
  </component>
  <component name="VimHistorySettings">
    <history>
      <history-search>
        <entry>persona</entry>
        <entry>fileteo</entry>
        <entry encoding="base64">XDxBc2lnbmFjaW9uUGVyZmlsU2ltdWxhZG9cPg==</entry>
        <entry>aux</entry>
        <entry>hrms</entry>
        <entry>Fechahelper</entry>
        <entry>FechaHelper</entry>
        <entry>getMonthsIterator</entry>
        <entry>Proporcional</entry>
        <entry>delete</entry>
        <entry>contratacion</entry>
        <entry>dto</entry>
        <entry>fechaInicio</entry>
        <entry>fechaFin</entry>
        <entry>horas</entry>
        <entry>hitos</entry>
        <entry>proporcional</entry>
        <entry>getProyecto</entry>
        <entry>asignaciones</entry>
        <entry>FLUXIT</entry>
      </history-search>
      <history-cmd>
        <entry>ew</entry>
        <entry>lk</entry>
        <entry>jkjlk</entry>
        <entry>set norelative number</entry>
        <entry>&quot;w</entry>
        <entry>qw</entry>
        <entry>W</entry>
        <entry>ws</entry>
        <entry>q!</entry>
        <entry encoding="base64">JzwsJz53</entry>
        <entry encoding="base64">JzwsJz5x</entry>
        <entry>ww</entry>
        <entry>Q</entry>
        <entry>wq</entry>
        <entry>w</entry>
        <entry>q</entry>
      </history-cmd>
      <history-expr />
      <history-input />
    </history>
  </component>
  <component name="VimKeySettings">
    <shortcut-conflicts>
      <shortcut-conflict owner="vim">
        <text>ctrl pressed E</text>
      </shortcut-conflict>
      <shortcut-conflict owner="vim">
        <text>ctrl pressed K</text>
      </shortcut-conflict>
      <shortcut-conflict owner="vim">
        <text>ctrl pressed D</text>
      </shortcut-conflict>
      <shortcut-conflict owner="vim">
        <text>ctrl pressed U</text>
      </shortcut-conflict>
      <shortcut-conflict owner="vim">
        <text>ctrl pressed Y</text>
      </shortcut-conflict>
      <shortcut-conflict owner="vim">
        <text>ctrl pressed J</text>
      </shortcut-conflict>
      <shortcut-conflict owner="vim">
        <text>ctrl pressed S</text>
      </shortcut-conflict>
      <shortcut-conflict owner="vim">
        <text>ctrl pressed R</text>
      </shortcut-conflict>
      <shortcut-conflict owner="vim">
        <text>ctrl pressed B</text>
      </shortcut-conflict>
      <shortcut-conflict owner="vim">
        <text>ctrl pressed X</text>
      </shortcut-conflict>
      <shortcut-conflict owner="vim">
        <text>ctrl pressed V</text>
      </shortcut-conflict>
      <shortcut-conflict owner="vim">
        <text>ctrl pressed W</text>
      </shortcut-conflict>
      <shortcut-conflict owner="vim">
        <text>ctrl pressed P</text>
      </shortcut-conflict>
      <shortcut-conflict owner="vim">
        <text>ctrl pressed T</text>
      </shortcut-conflict>
      <shortcut-conflict owner="vim">
        <text>ctrl pressed C</text>
      </shortcut-conflict>
      <shortcut-conflict owner="vim">
        <text>ctrl pressed F</text>
      </shortcut-conflict>
      <shortcut-conflict owner="vim">
        <text>shift ctrl pressed 2</text>
      </shortcut-conflict>
      <shortcut-conflict owner="vim">
        <text>ctrl pressed H</text>
      </shortcut-conflict>
      <shortcut-conflict owner="vim">
        <text>ctrl pressed 2</text>
      </shortcut-conflict>
      <shortcut-conflict owner="vim">
        <text>ctrl pressed A</text>
      </shortcut-conflict>
      <shortcut-conflict owner="vim">
        <text>ctrl pressed L</text>
      </shortcut-conflict>
      <shortcut-conflict owner="vim">
        <text>ctrl pressed N</text>
      </shortcut-conflict>
      <shortcut-conflict owner="vim">
        <text>ctrl pressed M</text>
      </shortcut-conflict>
      <shortcut-conflict owner="vim">
        <text>ctrl pressed OPEN_BRACKET</text>
      </shortcut-conflict>
      <shortcut-conflict owner="vim">
        <text>ctrl pressed G</text>
      </shortcut-conflict>
      <shortcut-conflict owner="vim">
        <text>ctrl pressed O</text>
      </shortcut-conflict>
      <shortcut-conflict owner="vim">
        <text>ctrl pressed Q</text>
      </shortcut-conflict>
    </shortcut-conflicts>
  </component>
  <component name="VimMarksSettings">
    <globalmarks />
    <filemarks>
      <file name="$USER_HOME$/Work/Projects/silos-pm-backoffice/src/groovy/com/silospm/bootstrap/SilosConverterUtil.groovy" timestamp="1598380423245">
        <mark key="'" line="0" column="0" />
        <mark key="[" line="320" column="20" />
        <mark key="]" line="320" column="110" />
        <mark key="^" line="320" column="20" />
        <mark key="." line="320" column="20" />
      </file>
      <file name="/a.dummy" timestamp="1598376147984">
        <mark key="[" line="0" column="1" />
      </file>
      <file name="$USER_HOME$/Work/Projects/silos-pm-backoffice/src/groovy/com/silospm/FechaHelper.groovy" timestamp="1598296407757">
        <mark key="'" line="218" column="0" />
      </file>
      <file name="$USER_HOME$/Work/Projects/silos-pm-backoffice/grails-app/resources/com/silospm/common/AsignacionResource.groovy" timestamp="1598380529301">
        <mark key="[" line="31" column="4" />
        <mark key="]" line="52" column="4" />
        <mark key="." line="39" column="36" />
        <mark key="^" line="39" column="37" />
      </file>
      <file name="$USER_HOME$/Work/Projects/silos-pm-backoffice/grails-app/services/com/silospm/admin/AdminService.groovy" timestamp="1598374686692">
        <mark key="[" line="465" column="0" />
        <mark key="]" line="465" column="0" />
        <mark key="." line="465" column="0" />
      </file>
      <file name="$USER_HOME$/Work/Projects/silos-pm-backoffice/web-app/js/events/silos-events.js" timestamp="1598023874073">
        <mark key="'" line="1000" column="51" />
        <mark key="[" line="947" column="11" />
        <mark key="]" line="947" column="19" />
        <mark key="^" line="947" column="19" />
        <mark key="." line="947" column="18" />
      </file>
      <file name="$USER_HOME$/Work/Projects/silos-pm-backoffice/grails-app/conf/Config.groovy" timestamp="1598371351837">
        <mark key="'" line="128" column="55" />
        <mark key="[" line="129" column="39" />
        <mark key="]" line="129" column="42" />
        <mark key="." line="129" column="41" />
        <mark key="^" line="129" column="42" />
      </file>
      <file name="/Dummy.groovy" timestamp="1598374544144">
        <mark key="[" line="0" column="0" />
      </file>
      <file name="$USER_HOME$/Work/Projects/silos-pm-backoffice/grails-app/resources/com/silospm/admin/AdminResource.groovy" timestamp="1598374768648">
        <mark key="'" line="112" column="34" />
      </file>
      <file name="$USER_HOME$/Work/Projects/silos-pm-backoffice/grails-app/domain/com/silospm/common/Proyecto.groovy" timestamp="1598383695286">
        <mark key="'" line="32" column="34" />
        <mark key="[" line="43" column="52" />
        <mark key="]" line="43" column="52" />
        <mark key="^" line="43" column="52" />
        <mark key="." line="43" column="51" />
      </file>
      <file name="$USER_HOME$/Work/Projects/silos-pm-backoffice/grails-app/domain/com/silospm/common/AsignacionPerfilSimulado.groovy" timestamp="1598381801273">
        <mark key="[" line="16" column="0" />
        <mark key="]" line="16" column="42" />
        <mark key="." line="18" column="53" />
        <mark key="^" line="18" column="54" />
      </file>
      <file name="$USER_HOME$/Work/Projects/hrms/src/main/java/ar/com/fluxit/hrms/security/filters/ApiKeyAuthenticatorFilter.java" timestamp="1598295412970">
        <mark key="[" line="45" column="11" />
        <mark key="]" line="45" column="15" />
        <mark key="." line="45" column="14" />
        <mark key="^" line="45" column="15" />
      </file>
      <file name="$USER_HOME$/Work/Projects/silos-pm-backoffice/grails-app/resources/com/silospm/common/ui/AsignacionPerfilSimuladoResource.groovy" timestamp="1598356801454">
        <mark key="'" line="68" column="12" />
        <mark key="[" line="80" column="52" />
        <mark key="]" line="110" column="23" />
        <mark key="^" line="110" column="23" />
        <mark key="." line="110" column="22" />
      </file>
      <file name="$USER_HOME$/Work/Projects/silos-pm-backoffice/grails-app/services/com/silospm/backend/AsignacionPerfilSimuladoService.groovy" timestamp="1598378836800">
        <mark key="'" line="110" column="59" />
        <mark key="[" line="110" column="19" />
        <mark key="]" line="112" column="20" />
        <mark key="^" line="112" column="20" />
        <mark key="." line="112" column="19" />
      </file>
      <file name="$USER_HOME$/Work/Projects/silos-pm-backoffice/grails-app/services/com/silospm/backend/AsignacionService.groovy" timestamp="1598380616205">
        <mark key="'" line="117" column="63" />
        <mark key="[" line="27" column="0" />
        <mark key="]" line="27" column="45" />
        <mark key="." line="609" column="1" />
      </file>
      <file name="$USER_HOME$/Work/Projects/silos-pm-backoffice/grails-app/resources/com/silospm/common/ui/DashboardResource.groovy" timestamp="1598374604775">
        <mark key="'" line="49" column="4" />
      </file>
      <file name="/fragment.java" timestamp="1598371526641">
        <mark key="[" line="0" column="0" />
      </file>
      <file name="$USER_HOME$/Work/Projects/silos-pm-backoffice/grails-app/domain/com/silospm/common/Asignacion.groovy" timestamp="1598381617058">
        <mark key="'" line="12" column="0" />
        <mark key="[" line="26" column="0" />
        <mark key="]" line="26" column="56" />
      </file>
      <file name="$USER_HOME$/Work/Projects/hrms/src/main/java/ar/com/fluxit/hrms/security/providers/ApiKeyAuthenticatorProvider.java" timestamp="1598295334956">
        <mark key="[" line="35" column="30" />
        <mark key="]" line="35" column="31" />
        <mark key="." line="35" column="30" />
        <mark key="^" line="35" column="31" />
      </file>
    </filemarks>
    <jumps>
      <jump line="896" column="38" filename="$USER_HOME$/Work/Projects/silos-pm-backoffice/web-app/js/templates/dashboard/dashboard-tpl.handlebars" />
      <jump line="892" column="62" filename="$USER_HOME$/Work/Projects/silos-pm-backoffice/web-app/js/templates/dashboard/dashboard-tpl.handlebars" />
      <jump line="886" column="62" filename="$USER_HOME$/Work/Projects/silos-pm-backoffice/web-app/js/templates/dashboard/dashboard-tpl.handlebars" />
      <jump line="881" column="55" filename="$USER_HOME$/Work/Projects/silos-pm-backoffice/web-app/js/templates/dashboard/dashboard-tpl.handlebars" />
      <jump line="878" column="64" filename="$USER_HOME$/Work/Projects/silos-pm-backoffice/web-app/js/templates/dashboard/dashboard-tpl.handlebars" />
      <jump line="854" column="110" filename="$USER_HOME$/Work/Projects/silos-pm-backoffice/web-app/js/templates/dashboard/dashboard-tpl.handlebars" />
      <jump line="147" column="8" filename="$USER_HOME$/Work/Projects/silos-pm-backoffice/grails-app/conf/Config.groovy" />
      <jump line="70" column="12" filename="$USER_HOME$/Work/Projects/silos-pm-backoffice/grails-app/resources/com/silospm/common/ui/PerfilSimuladoResource.groovy" />
      <jump line="46" column="35" filename="$USER_HOME$/Work/Projects/silos-pm-backoffice/grails-app/resources/com/silospm/common/ui/PerfilSimuladoResource.groovy" />
      <jump line="48" column="48" filename="$USER_HOME$/Work/Projects/silos-pm-backoffice/grails-app/resources/com/silospm/common/ui/PerfilSimuladoResource.groovy" />
      <jump line="0" column="8" filename="$USER_HOME$/Work/Projects/silos-pm-backoffice/web-app/js/templates/profiles/add-perfilSimulado-tpl.handlebars" />
      <jump line="4" column="14" filename="$USER_HOME$/Work/Projects/silos-pm-backoffice/web-app/js/templates/profiles/add-perfilSimulado-tpl.handlebars" />
      <jump line="69" column="24" filename="$USER_HOME$/Work/Projects/silos-pm-backoffice/web-app/js/templates/profiles/add-perfilSimulado-tpl.handlebars" />
      <jump line="70" column="28" filename="$USER_HOME$/Work/Projects/silos-pm-backoffice/web-app/js/templates/profiles/add-perfilSimulado-tpl.handlebars" />
      <jump line="90" column="32" filename="$USER_HOME$/Work/Projects/silos-pm-backoffice/web-app/js/templates/profiles/add-perfilSimulado-tpl.handlebars" />
      <jump line="95" column="24" filename="$USER_HOME$/Work/Projects/silos-pm-backoffice/web-app/js/templates/profiles/add-perfilSimulado-tpl.handlebars" />
      <jump line="102" column="28" filename="$USER_HOME$/Work/Projects/silos-pm-backoffice/web-app/js/templates/profiles/add-perfilSimulado-tpl.handlebars" />
      <jump line="124" column="44" filename="$USER_HOME$/Work/Projects/silos-pm-backoffice/web-app/js/templates/profiles/add-perfilSimulado-tpl.handlebars" />
      <jump line="170" column="28" filename="$USER_HOME$/Work/Projects/silos-pm-backoffice/web-app/js/templates/profiles/add-perfilSimulado-tpl.handlebars" />
      <jump line="172" column="36" filename="$USER_HOME$/Work/Projects/silos-pm-backoffice/web-app/js/templates/profiles/add-perfilSimulado-tpl.handlebars" />
      <jump line="173" column="40" filename="$USER_HOME$/Work/Projects/silos-pm-backoffice/web-app/js/templates/profiles/add-perfilSimulado-tpl.handlebars" />
      <jump line="149" column="28" filename="$USER_HOME$/Work/Projects/silos-pm-backoffice/web-app/js/templates/profiles/add-perfilSimulado-tpl.handlebars" />
      <jump line="135" column="28" filename="$USER_HOME$/Work/Projects/silos-pm-backoffice/web-app/js/templates/profiles/add-perfilSimulado-tpl.handlebars" />
      <jump line="136" column="68" filename="$USER_HOME$/Work/Projects/silos-pm-backoffice/web-app/js/templates/profiles/add-perfilSimulado-tpl.handlebars" />
      <jump line="151" column="51" filename="$USER_HOME$/Work/Projects/silos-pm-backoffice/grails-app/conf/Config.groovy" />
      <jump line="125" column="0" filename="$USER_HOME$/Work/Projects/silos-pm-backoffice/grails-app/conf/Config.groovy" />
      <jump line="463" column="55" filename="$USER_HOME$/Work/Projects/silos-pm-backoffice/web-app/js/controllers/DashboardController.js" />
      <jump line="475" column="96" filename="$USER_HOME$/Work/Projects/silos-pm-backoffice/web-app/js/controllers/DashboardController.js" />
      <jump line="480" column="14" filename="$USER_HOME$/Work/Projects/silos-pm-backoffice/web-app/js/controllers/DashboardController.js" />
      <jump line="523" column="26" filename="$USER_HOME$/Work/Projects/silos-pm-backoffice/web-app/js/controllers/DashboardController.js" />
      <jump line="51" column="0" filename="$USER_HOME$/Work/Projects/silos-pm-backoffice/grails-app/resources/com/silospm/common/ui/PerfilSimuladoResource.groovy" />
      <jump line="53" column="8" filename="$USER_HOME$/Work/Projects/silos-pm-backoffice/grails-app/resources/com/silospm/common/ui/PerfilSimuladoResource.groovy" />
      <jump line="952" column="8" filename="$USER_HOME$/Work/Projects/silos-pm-backoffice/web-app/js/events/silos-events.js" />
      <jump line="938" column="16" filename="$USER_HOME$/Work/Projects/silos-pm-backoffice/web-app/js/events/silos-events.js" />
      <jump line="965" column="22" filename="$USER_HOME$/Work/Projects/silos-pm-backoffice/web-app/js/events/silos-events.js" />
      <jump line="972" column="40" filename="$USER_HOME$/Work/Projects/silos-pm-backoffice/web-app/js/events/silos-events.js" />
      <jump line="560" column="99" filename="$USER_HOME$/Work/Projects/silos-pm-backoffice/web-app/js/events/silos-events.js" />
      <jump line="564" column="157" filename="$USER_HOME$/Work/Projects/silos-pm-backoffice/web-app/js/events/silos-events.js" />
      <jump line="32" column="7" filename="$USER_HOME$/Work/Projects/silos-pm-backoffice/grails-app/resources/com/silospm/common/ui/AsignacionPerfilSimuladoResource.groovy" />
      <jump line="947" column="25" filename="$USER_HOME$/Work/Projects/silos-pm-backoffice/web-app/js/events/silos-events.js" />
      <jump line="950" column="29" filename="$USER_HOME$/Work/Projects/silos-pm-backoffice/web-app/js/events/silos-events.js" />
      <jump line="1000" column="51" filename="$USER_HOME$/Work/Projects/silos-pm-backoffice/web-app/js/events/silos-events.js" />
      <jump line="19" column="33" filename="$USER_HOME$/Work/Projects/silos-pm-backoffice/grails-app/services/com/silospm/backend/AsignacionPerfilSimuladoService.groovy" />
      <jump line="120" column="20" filename="$USER_HOME$/Work/Projects/silos-pm-backoffice/grails-app/services/com/silospm/backend/AsignacionService.groovy" />
      <jump line="208" column="0" filename="$USER_HOME$/Work/Projects/silos-pm-backoffice/grails-app/services/com/silospm/backend/AsignacionService.groovy" />
      <jump line="199" column="16" filename="$USER_HOME$/Work/Projects/silos-pm-backoffice/grails-app/conf/Config.groovy" />
      <jump line="164" column="16" filename="$USER_HOME$/Work/Projects/silos-pm-backoffice/grails-app/conf/Config.groovy" />
      <jump line="128" column="55" filename="$USER_HOME$/Work/Projects/silos-pm-backoffice/grails-app/conf/Config.groovy" />
      <jump line="40" column="36" filename="$USER_HOME$/Work/Projects/silos-pm-backoffice/grails-app/services/com/silospm/backend/AsignacionPerfilSimuladoService.groovy" />
      <jump line="106" column="0" filename="$USER_HOME$/Work/Projects/silos-pm-backoffice/grails-app/resources/com/silospm/common/ui/AsignacionPerfilSimuladoResource.groovy" />
      <jump line="107" column="44" filename="$USER_HOME$/Work/Projects/silos-pm-backoffice/grails-app/resources/com/silospm/common/ui/AsignacionPerfilSimuladoResource.groovy" />
      <jump line="108" column="38" filename="$USER_HOME$/Work/Projects/silos-pm-backoffice/grails-app/resources/com/silospm/common/ui/AsignacionPerfilSimuladoResource.groovy" />
      <jump line="68" column="12" filename="$USER_HOME$/Work/Projects/silos-pm-backoffice/grails-app/resources/com/silospm/common/ui/AsignacionPerfilSimuladoResource.groovy" />
      <jump line="27" column="15" filename="$USER_HOME$/Work/Projects/silos-pm-backoffice/grails-app/services/com/silospm/backend/AsignacionPerfilSimuladoService.groovy" />
      <jump line="20" column="0" filename="$USER_HOME$/Work/Projects/silos-pm-backoffice/src/groovy/com/silospm/FechaHelper.groovy" />
      <jump line="218" column="0" filename="$USER_HOME$/Work/Projects/silos-pm-backoffice/src/groovy/com/silospm/FechaHelper.groovy" />
      <jump line="15" column="0" filename="$USER_HOME$/Work/Projects/silos-pm-backoffice/grails-app/domain/com/silospm/common/AsignacionPerfilSimulado.groovy" />
      <jump line="1" column="0" filename="$USER_HOME$/Work/Projects/silos-pm-backoffice/grails-app/services/com/silospm/backend/AsignacionPerfilSimuladoService.groovy" />
      <jump line="12" column="0" filename="$USER_HOME$/Work/Projects/silos-pm-backoffice/grails-app/domain/com/silospm/common/Asignacion.groovy" />
      <jump line="272" column="0" filename="$USER_HOME$/Work/Projects/silos-pm-backoffice/grails-app/services/com/silospm/backend/AsignacionService.groovy" />
      <jump line="18" column="55" filename="$USER_HOME$/Work/Projects/silos-pm-backoffice/grails-app/domain/com/silospm/common/AsignacionPerfilSimulado.groovy" />
      <jump line="238" column="61" filename="$USER_HOME$/Work/Projects/silos-pm-backoffice/grails-app/services/com/silospm/backend/AsignacionService.groovy" />
      <jump line="250" column="27" filename="$USER_HOME$/Work/Projects/silos-pm-backoffice/grails-app/services/com/silospm/backend/AsignacionService.groovy" />
      <jump line="97" column="21" filename="$USER_HOME$/Work/Projects/silos-pm-backoffice/grails-app/services/com/silospm/backend/AsignacionService.groovy" />
      <jump line="94" column="36" filename="$USER_HOME$/Work/Projects/silos-pm-backoffice/grails-app/services/com/silospm/backend/AsignacionService.groovy" />
      <jump line="90" column="21" filename="$USER_HOME$/Work/Projects/silos-pm-backoffice/grails-app/services/com/silospm/backend/AsignacionService.groovy" />
      <jump line="89" column="66" filename="$USER_HOME$/Work/Projects/silos-pm-backoffice/grails-app/services/com/silospm/backend/AsignacionService.groovy" />
      <jump line="75" column="0" filename="$USER_HOME$/Work/Projects/silos-pm-backoffice/grails-app/services/com/silospm/backend/AsignacionPerfilSimuladoService.groovy" />
      <jump line="76" column="72" filename="$USER_HOME$/Work/Projects/silos-pm-backoffice/grails-app/services/com/silospm/backend/AsignacionPerfilSimuladoService.groovy" />
      <jump line="23" column="17" filename="$USER_HOME$/Work/Projects/silos-pm-backoffice/grails-app/services/com/silospm/backend/AsignacionPerfilSimuladoService.groovy" />
      <jump line="24" column="63" filename="$USER_HOME$/Work/Projects/silos-pm-backoffice/grails-app/services/com/silospm/backend/AsignacionPerfilSimuladoService.groovy" />
      <jump line="68" column="12" filename="$USER_HOME$/Work/Projects/silos-pm-backoffice/grails-app/services/com/silospm/backend/AsignacionPerfilSimuladoService.groovy" />
      <jump line="83" column="37" filename="$USER_HOME$/Work/Projects/silos-pm-backoffice/grails-app/services/com/silospm/backend/AsignacionPerfilSimuladoService.groovy" />
      <jump line="84" column="103" filename="$USER_HOME$/Work/Projects/silos-pm-backoffice/grails-app/services/com/silospm/backend/AsignacionPerfilSimuladoService.groovy" />
      <jump line="91" column="78" filename="$USER_HOME$/Work/Projects/silos-pm-backoffice/grails-app/services/com/silospm/backend/AsignacionPerfilSimuladoService.groovy" />
      <jump line="87" column="37" filename="$USER_HOME$/Work/Projects/silos-pm-backoffice/grails-app/services/com/silospm/backend/AsignacionPerfilSimuladoService.groovy" />
      <jump line="88" column="100" filename="$USER_HOME$/Work/Projects/silos-pm-backoffice/grails-app/services/com/silospm/backend/AsignacionPerfilSimuladoService.groovy" />
      <jump line="65" column="45" filename="$USER_HOME$/Work/Projects/silos-pm-backoffice/grails-app/services/com/silospm/backend/AsignacionPerfilSimuladoService.groovy" />
      <jump line="66" column="97" filename="$USER_HOME$/Work/Projects/silos-pm-backoffice/grails-app/services/com/silospm/backend/AsignacionPerfilSimuladoService.groovy" />
      <jump line="67" column="281" filename="$USER_HOME$/Work/Projects/silos-pm-backoffice/grails-app/services/com/silospm/backend/AsignacionPerfilSimuladoService.groovy" />
      <jump line="132" column="20" filename="$USER_HOME$/Work/Projects/silos-pm-backoffice/grails-app/services/com/silospm/backend/AsignacionService.groovy" />
      <jump line="94" column="0" filename="$USER_HOME$/Work/Projects/silos-pm-backoffice/grails-app/services/com/silospm/backend/AsignacionPerfilSimuladoService.groovy" />
      <jump line="33" column="30" filename="$USER_HOME$/Work/Projects/silos-pm-backoffice/grails-app/services/com/silospm/backend/AsignacionPerfilSimuladoService.groovy" />
      <jump line="100" column="71" filename="$USER_HOME$/Work/Projects/silos-pm-backoffice/grails-app/services/com/silospm/backend/AsignacionPerfilSimuladoService.groovy" />
      <jump line="23" column="6" filename="$USER_HOME$/Work/Projects/silos-pm-backoffice/grails-app/domain/com/silospm/common/Proyecto.groovy" />
      <jump line="29" column="0" filename="$USER_HOME$/Work/Projects/silos-pm-backoffice/grails-app/services/com/silospm/backend/AsignacionService.groovy" />
      <jump line="129" column="88" filename="$USER_HOME$/Work/Projects/silos-pm-backoffice/grails-app/resources/com/silospm/admin/AdminResource.groovy" />
      <jump line="49" column="4" filename="$USER_HOME$/Work/Projects/silos-pm-backoffice/grails-app/resources/com/silospm/common/ui/DashboardResource.groovy" />
      <jump line="170" column="0" filename="$USER_HOME$/Work/Projects/silos-pm-backoffice/grails-app/resources/com/silospm/admin/AdminResource.groovy" />
      <jump line="84" column="9" filename="$USER_HOME$/Work/Projects/silos-pm-backoffice/grails-app/resources/com/silospm/admin/AdminResource.groovy" />
      <jump line="85" column="35" filename="$USER_HOME$/Work/Projects/silos-pm-backoffice/grails-app/resources/com/silospm/admin/AdminResource.groovy" />
      <jump line="111" column="9" filename="$USER_HOME$/Work/Projects/silos-pm-backoffice/grails-app/resources/com/silospm/admin/AdminResource.groovy" />
      <jump line="112" column="34" filename="$USER_HOME$/Work/Projects/silos-pm-backoffice/grails-app/resources/com/silospm/admin/AdminResource.groovy" />
      <jump line="187" column="0" filename="$USER_HOME$/Work/Projects/silos-pm-backoffice/src/groovy/com/silospm/bootstrap/SilosConverterUtil.groovy" />
      <jump line="0" column="0" filename="$USER_HOME$/Work/Projects/silos-pm-backoffice/src/groovy/com/silospm/bootstrap/SilosConverterUtil.groovy" />
      <jump line="33" column="8" filename="$USER_HOME$/Work/Projects/silos-pm-backoffice/grails-app/domain/com/silospm/common/Proyecto.groovy" />
      <jump line="43" column="8" filename="$USER_HOME$/Work/Projects/silos-pm-backoffice/grails-app/domain/com/silospm/common/Proyecto.groovy" />
      <jump line="32" column="34" filename="$USER_HOME$/Work/Projects/silos-pm-backoffice/grails-app/domain/com/silospm/common/Proyecto.groovy" />
      <jump line="110" column="59" filename="$USER_HOME$/Work/Projects/silos-pm-backoffice/grails-app/services/com/silospm/backend/AsignacionPerfilSimuladoService.groovy" />
      <jump line="117" column="63" filename="$USER_HOME$/Work/Projects/silos-pm-backoffice/grails-app/services/com/silospm/backend/AsignacionService.groovy" />
    </jumps>
  </component>
  <component name="VimRegisterSettings">
    <registers>
      <register name="&quot;" type="4">
        <text encoding="base64">CQkJCQk=</text>
      </register>
      <register name="+" type="2">
        <text encoding="base64">ICAgIHN0YXRpYyBiZWxvbmdzVG8gPSBbcHJveWVjdG86UHJveWVjdG9dCg==</text>
      </register>
      <register name="-" type="4">
        <text>true</text>
      </register>
      <register name="/" type="4">
        <text>FLUXIT</text>
      </register>
      <register name="0" type="2">
        <text encoding="base64">ICAgIHN0YXRpYyBiZWxvbmdzVG8gPSBbcHJveWVjdG86UHJveWVjdG9dCg==</text>
      </register>
      <register name="1" type="2">
        <text encoding="base64">Cg==</text>
      </register>
      <register name="q" type="4">
        <text />
      </register>
      <register name="2" type="2">
        <text encoding="base64">ICAgIExpc3QgZmluZEFsbEJ5Q29udHJhdGFjaW9uKENvbnRyYXRhY2lvbiBjb250cmF0YWNpb24pIHsKICAgIH0K</text>
      </register>
      <register name="3" type="2">
        <text encoding="base64">ICAgICAgICAgICAgZmluZEFsbEJ5Q29udHJhdGFjaW9uKGNvbnRyYXRhY2lvbikK</text>
      </register>
      <register name="4" type="2">
        <text encoding="base64">ICAgICAgICBBc2lnbmFjaW9uUGVyZmlsU2ltdWxhZG8uZmluZEJ5Q29udHJhdGFjaW9uKGNvbnRyYXRhY2lvbikK</text>
      </register>
      <register name="5" type="2">
        <text encoding="base64">ICAgICAgICB9KQo=</text>
      </register>
      <register name="6" type="2">
        <text encoding="base64">ICAgICAgICAgICAgZmluZEFsbEJ5Q29udHJhdGFjaW9uQW5kTWVzQmV0d2Vlbihjb250cmF0YWNpb24pCiAgICAgICAgfS5jb2xsZWN0KHsK</text>
      </register>
      <register name="7" type="2">
        <text encoding="base64">ICAgICAgICBwcm95ZWN0by5jb250cmF0YWNpb25lcy5jb2xsZWN0KHsgQ29udHJhdGFjaW9uIGNvbnRyYXRhY2lvbiAtPgogICAgICAgICAgICBmaW5kQWxsQnlDb250cmF0YWNpb25BbmRNZXNCZXR3ZWVuKGNvbnRyYXRhY2lvbikK</text>
      </register>
      <register name="8" type="2">
        <text encoding="base64">ICAgICAgICB9KWVhY2h7IENvbnRyYXRhY2lvbiBjb250cmF0YWNpb24gLT4K</text>
      </register>
      <register name="9" type="2">
        <text encoding="base64">ICAgICAgICAgICAgXQo=</text>
      </register>
      <register name=":" type="4">
        <text>q</text>
      </register>
    </registers>
  </component>
  <component name="VimSearchSettings">
    <search>
      <last-search>FLUXIT</last-search>
      <last-offset />
      <last-pattern>FLUXIT</last-pattern>
      <last-replace>~</last-replace>
      <last-substitute>newProfile</last-substitute>
      <last-dir>1</last-dir>
      <show-last>false</show-last>
    </search>
  </component>
  <component name="VimSettings">
    <state version="6" enabled="true" />
    <notifications>
      <idea-join enabled="true" />
      <idea-put enabled="true" />
    </notifications>
  </component>
</application>