<application>
  <component name="ScalafmtDynamicService">
    <option name="resolvedVersions">
      <map>
        <entry key="1.5.1">
          <value>
            <array>
              <option value="file:$USER_HOME$/.ivy2/cache/com.geirsson/scalafmt-core_2.12/jars/scalafmt-core_2.12-1.5.1.jar" />
              <option value="file:$USER_HOME$/.ivy2/cache/org.scalameta/scalameta_2.12/jars/scalameta_2.12-1.7.0.jar" />
              <option value="file:$USER_HOME$/.ivy2/cache/org.scalameta/common_2.12/jars/common_2.12-1.7.0.jar" />
              <option value="file:$USER_HOME$/.ivy2/cache/com.lihaoyi/sourcecode_2.12/jars/sourcecode_2.12-0.1.3.jar" />
              <option value="file:$USER_HOME$/.ivy2/cache/org.scalameta/dialects_2.12/jars/dialects_2.12-1.7.0.jar" />
              <option value="file:$USER_HOME$/.ivy2/cache/org.scalameta/parsers_2.12/jars/parsers_2.12-1.7.0.jar" />
              <option value="file:$USER_HOME$/.ivy2/cache/org.scalameta/inputs_2.12/jars/inputs_2.12-1.7.0.jar" />
              <option value="file:$USER_HOME$/.ivy2/cache/org.scalameta/io_2.12/jars/io_2.12-1.7.0.jar" />
              <option value="file:$USER_HOME$/.ivy2/cache/org.scalameta/tokens_2.12/jars/tokens_2.12-1.7.0.jar" />
              <option value="file:$USER_HOME$/.ivy2/cache/org.scalameta/tokenizers_2.12/jars/tokenizers_2.12-1.7.0.jar" />
              <option value="file:$USER_HOME$/.ivy2/cache/com.lihaoyi/scalaparse_2.12/jars/scalaparse_2.12-0.4.2.jar" />
              <option value="file:$USER_HOME$/.ivy2/cache/com.lihaoyi/fastparse_2.12/jars/fastparse_2.12-0.4.2.jar" />
              <option value="file:$USER_HOME$/.ivy2/cache/com.lihaoyi/fastparse-utils_2.12/jars/fastparse-utils_2.12-0.4.2.jar" />
              <option value="file:$USER_HOME$/.ivy2/cache/org.scalameta/trees_2.12/jars/trees_2.12-1.7.0.jar" />
              <option value="file:$USER_HOME$/.ivy2/cache/org.scalameta/quasiquotes_2.12/jars/quasiquotes_2.12-1.7.0.jar" />
              <option value="file:$USER_HOME$/.ivy2/cache/org.scalameta/transversers_2.12/jars/transversers_2.12-1.7.0.jar" />
              <option value="file:$USER_HOME$/.ivy2/cache/org.scalameta/inline_2.12/jars/inline_2.12-1.7.0.jar" />
              <option value="file:$USER_HOME$/.ivy2/cache/org.scalameta/semantic_2.12/jars/semantic_2.12-1.7.0.jar" />
              <option value="file:$USER_HOME$/.ivy2/cache/com.trueaccord.scalapb/scalapb-runtime_2.12/jars/scalapb-runtime_2.12-0.6.0-pre2.jar" />
              <option value="file:$USER_HOME$/.ivy2/cache/com.trueaccord.lenses/lenses_2.12/jars/lenses_2.12-0.4.10.jar" />
              <option value="file:$USER_HOME$/.ivy2/cache/com.google.protobuf/protobuf-java/bundles/protobuf-java-3.2.0.jar" />
              <option value="file:$USER_HOME$/.ivy2/cache/com.geirsson/metaconfig-core_2.12/jars/metaconfig-core_2.12-0.4.0.jar" />
              <option value="file:$USER_HOME$/.ivy2/cache/com.geirsson/metaconfig-typesafe-config_2.12/jars/metaconfig-typesafe-config_2.12-0.4.0.jar" />
              <option value="file:$USER_HOME$/.ivy2/cache/com.typesafe/config/bundles/config-1.2.1.jar" />
              <option value="file:$USER_HOME$/.ivy2/cache/org.scala-lang/scala-reflect/jars/scala-reflect-2.12.17.jar" />
              <option value="file:$USER_HOME$/.ivy2/cache/org.scala-lang/scala-library/jars/scala-library-2.12.17.jar" />
            </array>
          </value>
        </entry>
        <entry key="2.7.5">
          <value>
            <array>
              <option value="file:$USER_HOME$/.ivy2/cache/org.scalameta/scalafmt-core_2.13/jars/scalafmt-core_2.13-2.7.5.jar" />
              <option value="file:$USER_HOME$/.ivy2/cache/com.geirsson/metaconfig-core_2.13/jars/metaconfig-core_2.13-0.9.10.jar" />
              <option value="file:$USER_HOME$/.ivy2/cache/org.typelevel/paiges-core_2.13/jars/paiges-core_2.13-0.3.0.jar" />
              <option value="file:$USER_HOME$/.ivy2/cache/org.scala-lang.modules/scala-collection-compat_2.13/bundles/scala-collection-compat_2.13-2.1.2.jar" />
              <option value="file:$USER_HOME$/.ivy2/cache/com.lihaoyi/pprint_2.13/jars/pprint_2.13-0.5.9.jar" />
              <option value="file:$USER_HOME$/.ivy2/cache/com.lihaoyi/fansi_2.13/jars/fansi_2.13-0.2.9.jar" />
              <option value="file:$USER_HOME$/.ivy2/cache/com.lihaoyi/sourcecode_2.13/jars/sourcecode_2.13-0.2.1.jar" />
              <option value="file:$USER_HOME$/.ivy2/cache/org.scalameta/scalameta_2.13/jars/scalameta_2.13-4.3.22.jar" />
              <option value="file:$USER_HOME$/.ivy2/cache/org.scalameta/parsers_2.13/jars/parsers_2.13-4.3.22.jar" />
              <option value="file:$USER_HOME$/.ivy2/cache/org.scalameta/trees_2.13/jars/trees_2.13-4.3.22.jar" />
              <option value="file:$USER_HOME$/.ivy2/cache/org.scalameta/common_2.13/jars/common_2.13-4.3.22.jar" />
              <option value="file:$USER_HOME$/.ivy2/cache/org.scalameta/fastparse_2.13/jars/fastparse_2.13-1.0.1.jar" />
              <option value="file:$USER_HOME$/.ivy2/cache/org.scalameta/fastparse-utils_2.13/jars/fastparse-utils_2.13-1.0.1.jar" />
              <option value="file:$USER_HOME$/.ivy2/cache/org.scala-lang/scalap/jars/scalap-2.13.3.jar" />
              <option value="file:$USER_HOME$/.ivy2/cache/org.scala-lang/scala-compiler/jars/scala-compiler-2.13.3.jar" />
              <option value="file:$USER_HOME$/.ivy2/cache/org.jline/jline/jars/jline-3.15.0.jar" />
              <option value="file:$USER_HOME$/.ivy2/cache/net.java.dev.jna/jna/jars/jna-5.3.1.jar" />
              <option value="file:$USER_HOME$/.ivy2/cache/org.scala-lang.modules/scala-parallel-collections_2.13/jars/scala-parallel-collections_2.13-0.2.0.jar" />
              <option value="file:$USER_HOME$/.ivy2/cache/com.geirsson/metaconfig-typesafe-config_2.13/jars/metaconfig-typesafe-config_2.13-0.9.10.jar" />
              <option value="file:$USER_HOME$/.ivy2/cache/com.typesafe/config/bundles/config-1.2.1.jar" />
              <option value="file:$USER_HOME$/.ivy2/cache/org.scala-lang/scala-reflect/jars/scala-reflect-2.13.10.jar" />
              <option value="file:$USER_HOME$/.ivy2/cache/org.scala-lang/scala-library/jars/scala-library-2.13.10.jar" />
            </array>
          </value>
        </entry>
        <entry key="3.4.3">
          <value>
            <array>
              <option value="file:$USER_HOME$/.ivy2/cache/org.scalameta/scalafmt-core_2.13/jars/scalafmt-core_2.13-3.4.3.jar" />
              <option value="file:$USER_HOME$/.ivy2/cache/org.scalameta/scalafmt-sysops_2.13/jars/scalafmt-sysops_2.13-3.4.3.jar" />
              <option value="file:$USER_HOME$/.ivy2/cache/org.scala-lang.modules/scala-parallel-collections_2.13/jars/scala-parallel-collections_2.13-1.0.4.jar" />
              <option value="file:$USER_HOME$/.ivy2/cache/org.scalameta/scalafmt-config_2.13/jars/scalafmt-config_2.13-3.4.3.jar" />
              <option value="file:$USER_HOME$/.ivy2/cache/com.geirsson/metaconfig-core_2.13/jars/metaconfig-core_2.13-0.10.0.jar" />
              <option value="file:$USER_HOME$/.ivy2/cache/com.geirsson/metaconfig-pprint_2.13/jars/metaconfig-pprint_2.13-0.10.0.jar" />
              <option value="file:$USER_HOME$/.ivy2/cache/org.scala-lang/scala-compiler/jars/scala-compiler-2.13.8.jar" />
              <option value="file:$USER_HOME$/.ivy2/cache/org.jline/jline/jars/jline-3.21.0.jar" />
              <option value="file:$USER_HOME$/.ivy2/cache/net.java.dev.jna/jna/jars/jna-5.9.0.jar" />
              <option value="file:$USER_HOME$/.ivy2/cache/com.lihaoyi/fansi_2.13/jars/fansi_2.13-0.3.0.jar" />
              <option value="file:$USER_HOME$/.ivy2/cache/com.lihaoyi/sourcecode_2.13/jars/sourcecode_2.13-0.2.7.jar" />
              <option value="file:$USER_HOME$/.ivy2/cache/org.typelevel/paiges-core_2.13/jars/paiges-core_2.13-0.4.2.jar" />
              <option value="file:$USER_HOME$/.ivy2/cache/org.scala-lang.modules/scala-collection-compat_2.13/jars/scala-collection-compat_2.13-2.5.0.jar" />
              <option value="file:$USER_HOME$/.ivy2/cache/com.geirsson/metaconfig-typesafe-config_2.13/jars/metaconfig-typesafe-config_2.13-0.10.0.jar" />
              <option value="file:$USER_HOME$/.ivy2/cache/com.typesafe/config/bundles/config-1.4.1.jar" />
              <option value="file:$USER_HOME$/.ivy2/cache/org.scalameta/scalameta_2.13/jars/scalameta_2.13-4.4.35.jar" />
              <option value="file:$USER_HOME$/.ivy2/cache/org.scalameta/parsers_2.13/jars/parsers_2.13-4.4.35.jar" />
              <option value="file:$USER_HOME$/.ivy2/cache/org.scalameta/trees_2.13/jars/trees_2.13-4.4.35.jar" />
              <option value="file:$USER_HOME$/.ivy2/cache/org.scalameta/common_2.13/jars/common_2.13-4.4.35.jar" />
              <option value="file:$USER_HOME$/.ivy2/cache/org.scalameta/fastparse-v2_2.13/jars/fastparse-v2_2.13-2.3.1.jar" />
              <option value="file:$USER_HOME$/.ivy2/cache/com.lihaoyi/geny_2.13/jars/geny_2.13-0.6.5.jar" />
              <option value="file:$USER_HOME$/.ivy2/cache/org.scala-lang/scalap/jars/scalap-2.13.8.jar" />
              <option value="file:$USER_HOME$/.ivy2/cache/org.scala-lang/scala-reflect/jars/scala-reflect-2.13.10.jar" />
              <option value="file:$USER_HOME$/.ivy2/cache/org.scala-lang/scala-library/jars/scala-library-2.13.10.jar" />
            </array>
          </value>
        </entry>
      </map>
    </option>
  </component>
</application>