<application>
  <component name="GeneralSettings">
    <option name="showTipsOnStartup" value="false" />
    <option name="autoSaveIfInactive" value="true" />
    <option name="confirmExit" value="false" />
    <option name="confirmOpenNewProject2" value="-1" />
    <option name="inactiveTimeout" value="1" />
  </component>
  <component name="Registry">
    <entry key="ide.experimental.ui" value="true" />
    <entry key="scala.erase.compiler.process.jdk.once" value="false" />
    <entry key="i18n.locale" value="" />
    <entry key="moved.to.new.ui" value="true" />
  </component>
  <component name="StatusBar">
    <option name="widgets">
      <map>
        <entry key="CwmWireStatsWidgetFactory" value="false" />
        <entry key="FlowJSInfo" value="false" />
        <entry key="IdeaVim-Icon" value="false" />
        <entry key="Memory" value="true" />
        <entry key="TypeScriptInfo" value="false" />
        <entry key="aws.codewhisperer" value="false" />
        <entry key="git" value="true" />
        <entry key="webDeployment.default.server.widget" value="false" />
      </map>
    </option>
  </component>
</application>