<application>
  <component name="Trusted.Paths">
    <option name="TRUSTED_PROJECT_PATHS">
      <map>
        <entry key="$USER_HOME$/Personal/Projects/domotics/notifications-service" value="true" />
        <entry key="$USER_HOME$/Personal/Projects/interviews-app/test-princing-bundle" value="true" />
        <entry key="/var/folders/03/xwx9gq8150q23yw54jm9w0t00000gn/T/build.sbt7734356548592259342" value="true" />
      </map>
    </option>
  </component>
  <component name="Trusted.Paths.Settings">
    <option name="TRUSTED_PATHS">
      <list>
        <option value="$USER_HOME$/Personal/Projects/interviews-app" />
      </list>
    </option>
  </component>
</application>