<application>
  <component name="DimensionService">
    <size key="GridCell.Tab.0.left.0.0.3456.2234@240dpi" width="3252" height="608" />
    <size key="GridCell.Tab.0.center.0.0.3456.2234@240dpi" width="3252" height="608" />
    <size key="GridCell.Tab.0.right.0.0.3456.2234@240dpi" width="3252" height="608" />
    <size key="GridCell.Tab.0.bottom.0.0.3456.2234@240dpi" width="3252" height="608" />
    <size key="GridCell.Tab.0.left.0.0.1920.1080@120dpi" width="1818" height="296" />
    <size key="GridCell.Tab.0.center.0.0.1920.1080@120dpi" width="1818" height="296" />
    <size key="GridCell.Tab.0.right.0.0.1920.1080@120dpi" width="1818" height="296" />
    <size key="GridCell.Tab.0.bottom.0.0.1920.1080@120dpi" width="1818" height="296" />
  </component>
  <component name="WindowManager">
    <frame x="0" y="38" width="1728" height="1079" extendedState="6" />
  </component>
  <component name="WindowStateApplicationService">
    <state width="788" height="177" key="ShowUsagesActions.dimensionServiceKey.ideScale=125" timestamp="1750236901929">
      <screen x="0" y="38" width="1728" height="1079" />
    </state>
    <state width="788" height="177" key="ShowUsagesActions.dimensionServiceKey.ideScale=125/0.38.1728.1079" timestamp="1750236901929" />
  </component>
</application>