<keymap version="1" name="macOS copy" parent="Mac OS X 10.5+">
  <action id="ActivateBigDataToolWindowToolWindow">
    <keyboard-shortcut first-keystroke="shift ctrl meta b" />
  </action>
  <action id="ActivateBookmarksToolWindow" />
  <action id="ActivateBuildToolWindow">
    <keyboard-shortcut first-keystroke="meta 2" />
  </action>
  <action id="ActivateDatabaseToolWindow">
    <keyboard-shortcut first-keystroke="meta 6" />
  </action>
  <action id="ActivateProblemsViewToolWindow" />
  <action id="Adtui.ZoomInAction">
    <keyboard-shortcut first-keystroke="meta add" />
  </action>
  <action id="Back">
    <keyboard-shortcut first-keystroke="meta open_bracket" />
    <keyboard-shortcut first-keystroke="meta alt left" />
    <keyboard-shortcut first-keystroke="ctrl meta h" />
    <keyboard-shortcut first-keystroke="meta alt h" />
  </action>
  <action id="ChangesView.Move" />
  <action id="ChooseRunConfiguration">
    <keyboard-shortcut first-keystroke="shift meta r" />
  </action>
  <action id="Console.TableResult.NavigateForeignAction">
    <mouse-shortcut keystroke="meta button1" />
    <mouse-shortcut keystroke="Force touch" />
    <mouse-shortcut keystroke="button2" />
  </action>
  <action id="DSM.ZoomIn">
    <keyboard-shortcut first-keystroke="meta add" />
  </action>
  <action id="Debug" />
  <action id="DuplicatesForm.SendToRight" />
  <action id="EditorCutLineEnd" />
  <action id="EditorDown">
    <keyboard-shortcut first-keystroke="down" />
    <keyboard-shortcut first-keystroke="ctrl n" />
    <keyboard-shortcut first-keystroke="j" />
  </action>
  <action id="EditorJoinLines" />
  <action id="EditorLeft">
    <keyboard-shortcut first-keystroke="left" />
    <keyboard-shortcut first-keystroke="ctrl b" />
    <keyboard-shortcut first-keystroke="h" />
  </action>
  <action id="EditorPageDown">
    <keyboard-shortcut first-keystroke="page_down" />
    <keyboard-shortcut first-keystroke="ctrl d" />
  </action>
  <action id="EditorPageUp">
    <keyboard-shortcut first-keystroke="page_up" />
    <keyboard-shortcut first-keystroke="ctrl u" />
  </action>
  <action id="EditorRight">
    <keyboard-shortcut first-keystroke="right" />
    <keyboard-shortcut first-keystroke="ctrl f" />
    <keyboard-shortcut first-keystroke="l" />
  </action>
  <action id="EditorScrollToCenter" />
  <action id="EditorUp">
    <keyboard-shortcut first-keystroke="up" />
    <keyboard-shortcut first-keystroke="ctrl p" />
    <keyboard-shortcut first-keystroke="k" />
  </action>
  <action id="ExpandAll">
    <keyboard-shortcut first-keystroke="meta add" />
  </action>
  <action id="ExpandAllRegions" />
  <action id="ExpandExpandableComponent">
    <keyboard-shortcut first-keystroke="shift enter" />
    <keyboard-shortcut first-keystroke="meta add" />
  </action>
  <action id="ExpandRegion" />
  <action id="ExpandRegionRecursively">
    <keyboard-shortcut first-keystroke="shift meta equals" />
  </action>
  <action id="ExternalSystem.ExpandAll">
    <keyboard-shortcut first-keystroke="meta add" />
  </action>
  <action id="FileChooser.GotoProject" />
  <action id="FileChooser.TogglePathBar" />
  <action id="Forward">
    <keyboard-shortcut first-keystroke="meta close_bracket" />
    <keyboard-shortcut first-keystroke="meta alt right" />
    <keyboard-shortcut first-keystroke="ctrl meta l" />
    <keyboard-shortcut first-keystroke="meta alt l" />
  </action>
  <action id="GotoAction" />
  <action id="GotoImplementation">
    <mouse-shortcut keystroke="meta alt button1" />
    <keyboard-shortcut first-keystroke="ctrl meta b" />
  </action>
  <action id="GotoLine" />
  <action id="GotoTypeDeclaration">
    <keyboard-shortcut first-keystroke="shift ctrl b" />
    <mouse-shortcut keystroke="shift meta button1" />
  </action>
  <action id="GuiDesigner.QuickJavadoc">
    <keyboard-shortcut first-keystroke="f1" />
    <mouse-shortcut keystroke="control button2" />
  </action>
  <action id="Images.Editor.ZoomIn">
    <keyboard-shortcut first-keystroke="meta add" />
  </action>
  <action id="Jdbc.OpenConsole.New" />
  <action id="Jdbc.OpenConsole.New.Generate" />
  <action id="Maven.ExpandAll">
    <keyboard-shortcut first-keystroke="meta add" />
  </action>
  <action id="MoveEditorToOppositeTabGroup">
    <keyboard-shortcut first-keystroke="shift ctrl w" />
  </action>
  <action id="NextTab">
    <keyboard-shortcut first-keystroke="ctrl page_down" />
  </action>
  <action id="ParameterInfo" />
  <action id="Play2.TypeInfo">
    <keyboard-shortcut first-keystroke="meta equals" />
  </action>
  <action id="PreviousTab">
    <keyboard-shortcut first-keystroke="ctrl page_up" />
  </action>
  <action id="QuickJavaDoc">
    <keyboard-shortcut first-keystroke="f1" />
    <mouse-shortcut keystroke="control button2" />
  </action>
  <action id="ReformatCode">
    <keyboard-shortcut first-keystroke="alt l" />
  </action>
  <action id="ReplaceInPath" />
  <action id="RerunTests" />
  <action id="Run">
    <keyboard-shortcut first-keystroke="ctrl r" />
    <keyboard-shortcut first-keystroke="ctrl meta r" />
  </action>
  <action id="Scala.ShowImplicits">
    <keyboard-shortcut first-keystroke="shift ctrl alt equals" />
    <keyboard-shortcut first-keystroke="shift ctrl alt add" />
  </action>
  <action id="Scala.TypeInfo">
    <keyboard-shortcut first-keystroke="meta equals" />
  </action>
  <action id="SearchEverywhere">
    <keyboard-shortcut first-keystroke="meta p" />
  </action>
  <action id="SplitHorizontally">
    <keyboard-shortcut first-keystroke="ctrl alt j" />
  </action>
  <action id="SplitVertically">
    <keyboard-shortcut first-keystroke="ctrl alt l" />
  </action>
  <action id="TabShiftActions.MoveFocusDown">
    <keyboard-shortcut first-keystroke="ctrl j" />
  </action>
  <action id="TabShiftActions.MoveFocusLeft">
    <keyboard-shortcut first-keystroke="ctrl h" />
  </action>
  <action id="TabShiftActions.MoveFocusRight">
    <keyboard-shortcut first-keystroke="ctrl l" />
  </action>
  <action id="TabShiftActions.MoveFocusUp">
    <keyboard-shortcut first-keystroke="ctrl k" />
  </action>
  <action id="TabShiftActions.ShiftDown" />
  <action id="TabShiftActions.ShiftLeft" />
  <action id="TabShiftActions.ShiftRight" />
  <action id="TabShiftActions.ShiftUp" />
  <action id="TabShiftActions.StretchDown">
    <keyboard-shortcut first-keystroke="shift alt j" />
    <keyboard-shortcut first-keystroke="shift ctrl j" />
  </action>
  <action id="TabShiftActions.StretchLeft">
    <keyboard-shortcut first-keystroke="shift alt h" />
    <keyboard-shortcut first-keystroke="shift ctrl h" />
  </action>
  <action id="TabShiftActions.StretchRight">
    <keyboard-shortcut first-keystroke="shift alt l" />
    <keyboard-shortcut first-keystroke="shift ctrl l" />
  </action>
  <action id="TabShiftActions.StretchUp">
    <keyboard-shortcut first-keystroke="shift alt k" />
    <keyboard-shortcut first-keystroke="shift ctrl k" />
  </action>
  <action id="TabShiftActions.ToggleMaximizeRestore">
    <keyboard-shortcut first-keystroke="ctrl alt x" />
  </action>
  <action id="Terminal.ShowDocumentation">
    <keyboard-shortcut first-keystroke="f1" />
    <mouse-shortcut keystroke="control button2" />
  </action>
  <action id="TerminalDecreaseFontSize" />
  <action id="TerminalIncreaseFontSize" />
  <action id="TogglePresentationMode">
    <keyboard-shortcut first-keystroke="ctrl meta enter" />
  </action>
  <action id="TypeHierarchy" />
  <action id="TypeHierarchyBase.BaseOnThisType" />
  <action id="UsageGrouping.DirectoryStructure" />
  <action id="Vcs.Log.ShowTooltip">
    <keyboard-shortcut first-keystroke="f1" />
    <mouse-shortcut keystroke="control button2" />
  </action>
  <action id="Vcs.MoveChangedLinesToChangelist" />
  <action id="android.device.back.button" />
  <action id="android.device.sleep" />
  <action id="com.github.mikesafonov.jenkins.linter.PerformJenkinsLinterAction" />
  <action id="copilot.disposeInlays" />
  <action id="org.intellij.plugins.markdown.ui.actions.styling.ToggleBoldAction" />
</keymap>